id,类别
0,地域歧视
1,地域歧视
2,地域歧视
3,地域歧视
4,地域歧视
5,地域歧视
6,地域歧视
7,地域歧视
8,地域歧视
9,地域歧视
10,地域歧视
11,地域歧视
12,地域歧视
13,地域歧视
14,地域歧视
15,地域歧视
16,地域歧视
17,地域歧视
18,地域歧视
19,地域歧视
20,地域歧视
21,地域歧视
22,地域歧视
23,地域歧视
24,地域歧视
25,地域歧视
26,地域歧视
27,地域歧视
28,地域歧视
29,地域歧视
30,地域歧视
31,地域歧视
32,地域歧视
33,地域歧视
34,地域歧视
35,地域歧视
36,地域歧视
37,地域歧视
38,地域歧视
39,地域歧视
40,地域歧视
41,地域歧视
42,地域歧视
43,地域歧视
44,地域歧视
45,地域歧视
46,地域歧视
47,地域歧视
48,地域歧视
49,地域歧视
50,地域歧视
51,地域歧视
52,地域歧视
53,地域歧视
54,地域歧视
55,地域歧视
56,地域歧视
57,地域歧视
58,地域歧视
59,地域歧视
60,地域歧视
61,地域歧视
62,地域歧视
63,地域歧视
64,地域歧视
65,地域歧视
66,地域歧视
67,地域歧视
68,地域歧视
69,地域歧视
70,地域歧视
71,地域歧视
72,地域歧视
73,地域歧视
74,地域歧视
75,地域歧视
76,地域歧视
77,地域歧视
78,地域歧视
79,地域歧视
80,地域歧视
81,地域歧视
82,地域歧视
83,地域歧视
84,地域歧视
85,地域歧视
86,地域歧视
87,地域歧视
88,地域歧视
89,地域歧视
90,地域歧视
91,地域歧视
92,地域歧视
93,地域歧视
94,地域歧视
95,地域歧视
96,地域歧视
97,地域歧视
98,地域歧视
99,地域歧视
100,地域歧视
101,地域歧视
102,地域歧视
103,地域歧视
104,地域歧视
105,地域歧视
106,地域歧视
107,地域歧视
108,地域歧视
109,地域歧视
110,地域歧视
111,地域歧视
112,地域歧视
113,地域歧视
114,地域歧视
115,地域歧视
116,地域歧视
117,地域歧视
118,地域歧视
119,地域歧视
120,地域歧视
121,地域歧视
122,地域歧视
123,地域歧视
124,地域歧视
125,地域歧视
126,地域歧视
127,地域歧视
128,地域歧视
129,地域歧视
130,地域歧视
131,地域歧视
132,地域歧视
133,地域歧视
134,地域歧视
135,地域歧视
136,地域歧视
137,地域歧视
138,地域歧视
139,地域歧视
140,地域歧视
141,地域歧视
142,地域歧视
143,地域歧视
144,地域歧视
145,地域歧视
146,地域歧视
147,地域歧视
148,地域歧视
149,地域歧视
150,地域歧视
151,地域歧视
152,地域歧视
153,地域歧视
154,地域歧视
155,地域歧视
156,地域歧视
157,地域歧视
158,地域歧视
159,地域歧视
160,地域歧视
161,地域歧视
162,地域歧视
163,地域歧视
164,地域歧视
165,地域歧视
166,地域歧视
167,地域歧视
168,地域歧视
169,地域歧视
170,地域歧视
171,地域歧视
172,地域歧视
173,地域歧视
174,地域歧视
175,地域歧视
176,地域歧视
177,地域歧视
178,地域歧视
179,地域歧视
180,地域歧视
181,地域歧视
182,地域歧视
183,地域歧视
184,地域歧视
185,地域歧视
186,地域歧视
187,地域歧视
188,地域歧视
189,地域歧视
190,地域歧视
191,地域歧视
192,地域歧视
193,地域歧视
194,地域歧视
195,地域歧视
196,地域歧视
197,地域歧视
198,地域歧视
199,地域歧视
200,地域歧视
201,地域歧视
202,地域歧视
203,地域歧视
204,地域歧视
205,地域歧视
206,地域歧视
207,地域歧视
208,地域歧视
209,地域歧视
210,地域歧视
211,地域歧视
212,地域歧视
213,地域歧视
214,地域歧视
215,地域歧视
216,地域歧视
217,地域歧视
218,地域歧视
219,地域歧视
220,地域歧视
221,地域歧视
222,地域歧视
223,地域歧视
224,地域歧视
225,地域歧视
226,地域歧视
227,地域歧视
228,地域歧视
229,地域歧视
230,地域歧视
231,地域歧视
232,地域歧视
233,地域歧视
234,地域歧视
235,地域歧视
236,地域歧视
237,地域歧视
238,地域歧视
239,地域歧视
240,地域歧视
241,地域歧视
242,地域歧视
243,地域歧视
244,地域歧视
245,地域歧视
246,地域歧视
247,地域歧视
248,地域歧视
249,地域歧视
250,地域歧视
251,地域歧视
252,地域歧视
253,地域歧视
254,地域歧视
255,地域歧视
256,地域歧视
257,地域歧视
258,地域歧视
259,地域歧视
260,地域歧视
261,地域歧视
262,地域歧视
263,地域歧视
264,地域歧视
265,地域歧视
266,地域歧视
267,地域歧视
268,地域歧视
269,地域歧视
270,地域歧视
271,地域歧视
272,地域歧视
273,地域歧视
274,地域歧视
275,地域歧视
276,地域歧视
277,地域歧视
278,地域歧视
279,地域歧视
280,地域歧视
281,地域歧视
282,地域歧视
283,地域歧视
284,地域歧视
285,地域歧视
286,地域歧视
287,地域歧视
288,地域歧视
289,地域歧视
290,地域歧视
291,地域歧视
292,地域歧视
293,地域歧视
294,地域歧视
295,地域歧视
296,地域歧视
297,地域歧视
298,地域歧视
299,地域歧视
300,地域歧视
301,地域歧视
302,地域歧视
303,地域歧视
304,地域歧视
305,地域歧视
306,地域歧视
307,地域歧视
308,地域歧视
309,地域歧视
310,地域歧视
311,地域歧视
312,地域歧视
313,地域歧视
314,地域歧视
315,地域歧视
316,地域歧视
317,地域歧视
318,地域歧视
319,地域歧视
320,地域歧视
321,地域歧视
322,地域歧视
323,地域歧视
324,地域歧视
325,地域歧视
326,地域歧视
327,地域歧视
328,地域歧视
329,地域歧视
330,地域歧视
331,地域歧视
332,地域歧视
333,地域歧视
334,地域歧视
335,地域歧视
336,地域歧视
337,地域歧视
338,地域歧视
339,地域歧视
340,地域歧视
341,地域歧视
342,地域歧视
343,地域歧视
344,地域歧视
345,地域歧视
346,地域歧视
347,地域歧视
348,地域歧视
349,地域歧视
350,地域歧视
351,地域歧视
352,地域歧视
353,地域歧视
354,地域歧视
355,地域歧视
356,地域歧视
357,地域歧视
358,地域歧视
359,地域歧视
360,地域歧视
361,地域歧视
362,地域歧视
363,地域歧视
364,地域歧视
365,地域歧视
366,地域歧视
367,地域歧视
368,地域歧视
369,地域歧视
370,地域歧视
371,地域歧视
372,地域歧视
373,地域歧视
374,地域歧视
375,地域歧视
376,地域歧视
377,地域歧视
378,地域歧视
379,地域歧视
380,地域歧视
381,地域歧视
382,地域歧视
383,地域歧视
384,地域歧视
385,地域歧视
386,地域歧视
387,地域歧视
388,地域歧视
389,地域歧视
390,地域歧视
391,地域歧视
392,地域歧视
393,地域歧视
394,地域歧视
395,地域歧视
396,地域歧视
397,地域歧视
398,地域歧视
399,地域歧视
400,地域歧视
401,地域歧视
402,地域歧视
403,地域歧视
404,地域歧视
405,地域歧视
406,地域歧视
407,地域歧视
408,地域歧视
409,地域歧视
410,地域歧视
411,地域歧视
412,地域歧视
413,地域歧视
414,地域歧视
415,地域歧视
416,地域歧视
417,地域歧视
418,地域歧视
419,地域歧视
420,地域歧视
421,地域歧视
422,地域歧视
423,地域歧视
424,地域歧视
425,地域歧视
426,地域歧视
427,地域歧视
428,地域歧视
429,地域歧视
430,地域歧视
431,地域歧视
432,地域歧视
433,地域歧视
434,地域歧视
435,地域歧视
436,地域歧视
437,地域歧视
438,地域歧视
439,地域歧视
440,地域歧视
441,地域歧视
442,地域歧视
443,地域歧视
444,地域歧视
445,地域歧视
446,地域歧视
447,地域歧视
448,地域歧视
449,地域歧视
450,地域歧视
451,地域歧视
452,地域歧视
453,地域歧视
454,地域歧视
455,地域歧视
456,地域歧视
457,地域歧视
458,地域歧视
459,地域歧视
460,地域歧视
461,地域歧视
462,地域歧视
463,地域歧视
464,地域歧视
465,地域歧视
466,地域歧视
467,地域歧视
468,地域歧视
469,地域歧视
470,地域歧视
471,地域歧视
472,地域歧视
473,地域歧视
474,地域歧视
475,地域歧视
476,地域歧视
477,地域歧视
478,地域歧视
479,地域歧视
480,地域歧视
481,地域歧视
482,地域歧视
483,地域歧视
484,地域歧视
485,地域歧视
486,地域歧视
487,地域歧视
488,地域歧视
489,地域歧视
490,地域歧视
491,地域歧视
492,地域歧视
493,地域歧视
494,地域歧视
495,地域歧视
496,地域歧视
497,地域歧视
498,地域歧视
499,地域歧视
500,地域歧视
501,地域歧视
502,地域歧视
503,地域歧视
504,地域歧视
505,地域歧视
506,地域歧视
507,地域歧视
508,地域歧视
509,地域歧视
510,地域歧视
511,地域歧视
512,地域歧视
513,地域歧视
514,地域歧视
515,地域歧视
516,地域歧视
517,地域歧视
518,地域歧视
519,地域歧视
520,地域歧视
521,地域歧视
522,地域歧视
523,地域歧视
524,地域歧视
525,地域歧视
526,地域歧视
527,地域歧视
528,地域歧视
529,地域歧视
530,地域歧视
531,地域歧视
532,地域歧视
533,地域歧视
534,地域歧视
535,地域歧视
536,地域歧视
537,地域歧视
538,地域歧视
539,地域歧视
540,地域歧视
541,地域歧视
542,地域歧视
543,地域歧视
544,地域歧视
545,地域歧视
546,地域歧视
547,地域歧视
548,地域歧视
549,地域歧视
550,地域歧视
551,地域歧视
552,地域歧视
553,地域歧视
554,地域歧视
555,地域歧视
556,地域歧视
557,地域歧视
558,地域歧视
559,地域歧视
560,地域歧视
561,地域歧视
562,地域歧视
563,地域歧视
564,地域歧视
565,地域歧视
566,地域歧视
567,地域歧视
568,地域歧视
569,地域歧视
570,地域歧视
571,地域歧视
572,地域歧视
573,地域歧视
574,地域歧视
575,地域歧视
576,地域歧视
577,地域歧视
578,地域歧视
579,地域歧视
580,地域歧视
581,地域歧视
582,地域歧视
583,地域歧视
584,地域歧视
585,地域歧视
586,地域歧视
587,地域歧视
588,地域歧视
589,地域歧视
590,地域歧视
591,地域歧视
592,地域歧视
593,地域歧视
594,地域歧视
595,地域歧视
596,地域歧视
597,地域歧视
598,地域歧视
599,地域歧视
600,地域歧视
601,地域歧视
602,地域歧视
603,地域歧视
604,地域歧视
605,地域歧视
606,地域歧视
607,地域歧视
608,地域歧视
609,地域歧视
610,地域歧视
611,地域歧视
612,地域歧视
613,地域歧视
614,地域歧视
615,地域歧视
616,地域歧视
617,地域歧视
618,地域歧视
619,地域歧视
620,地域歧视
621,地域歧视
622,地域歧视
623,地域歧视
624,地域歧视
625,地域歧视
626,地域歧视
627,地域歧视
628,地域歧视
629,地域歧视
630,地域歧视
631,地域歧视
632,地域歧视
633,地域歧视
634,地域歧视
635,地域歧视
636,地域歧视
637,地域歧视
638,地域歧视
639,地域歧视
640,地域歧视
641,地域歧视
642,地域歧视
643,地域歧视
644,地域歧视
645,地域歧视
646,地域歧视
647,地域歧视
648,地域歧视
649,地域歧视
650,地域歧视
651,地域歧视
652,地域歧视
653,地域歧视
654,地域歧视
655,地域歧视
656,地域歧视
657,地域歧视
658,地域歧视
659,地域歧视
660,地域歧视
661,地域歧视
662,地域歧视
663,地域歧视
664,地域歧视
665,地域歧视
666,地域歧视
667,地域歧视
668,地域歧视
669,地域歧视
670,地域歧视
671,地域歧视
672,地域歧视
673,地域歧视
674,地域歧视
675,地域歧视
676,地域歧视
677,地域歧视
678,地域歧视
679,地域歧视
680,地域歧视
681,地域歧视
682,地域歧视
683,地域歧视
684,地域歧视
685,地域歧视
686,地域歧视
687,地域歧视
688,地域歧视
689,地域歧视
690,地域歧视
691,地域歧视
692,地域歧视
693,地域歧视
694,地域歧视
695,地域歧视
696,地域歧视
697,地域歧视
698,地域歧视
699,地域歧视
700,地域歧视
701,地域歧视
702,地域歧视
703,地域歧视
704,地域歧视
705,地域歧视
706,地域歧视
707,地域歧视
708,地域歧视
709,地域歧视
710,地域歧视
711,地域歧视
712,地域歧视
713,地域歧视
714,地域歧视
715,地域歧视
716,地域歧视
717,地域歧视
718,地域歧视
719,地域歧视
720,地域歧视
721,地域歧视
722,地域歧视
723,地域歧视
724,地域歧视
725,地域歧视
726,地域歧视
727,地域歧视
728,地域歧视
729,地域歧视
730,地域歧视
731,地域歧视
732,地域歧视
733,地域歧视
734,地域歧视
735,地域歧视
736,地域歧视
737,地域歧视
738,地域歧视
739,地域歧视
740,地域歧视
741,地域歧视
742,地域歧视
743,地域歧视
744,地域歧视
745,地域歧视
746,地域歧视
747,地域歧视
748,地域歧视
749,地域歧视
750,地域歧视
751,地域歧视
752,地域歧视
753,地域歧视
754,地域歧视
755,地域歧视
756,地域歧视
757,地域歧视
758,地域歧视
759,地域歧视
760,地域歧视
761,地域歧视
762,地域歧视
763,地域歧视
764,地域歧视
765,地域歧视
766,地域歧视
767,地域歧视
768,地域歧视
769,地域歧视
770,地域歧视
771,地域歧视
772,地域歧视
773,地域歧视
774,地域歧视
775,地域歧视
776,地域歧视
777,地域歧视
778,地域歧视
779,地域歧视
780,地域歧视
781,地域歧视
782,地域歧视
783,地域歧视
784,地域歧视
785,地域歧视
786,地域歧视
787,地域歧视
788,地域歧视
789,地域歧视
790,地域歧视
791,地域歧视
792,地域歧视
793,地域歧视
794,地域歧视
795,地域歧视
796,地域歧视
797,地域歧视
798,地域歧视
799,地域歧视
800,地域歧视
801,地域歧视
802,地域歧视
803,地域歧视
804,地域歧视
805,地域歧视
806,地域歧视
807,地域歧视
808,地域歧视
809,地域歧视
810,地域歧视
811,地域歧视
812,地域歧视
813,地域歧视
814,地域歧视
815,地域歧视
816,地域歧视
817,地域歧视
818,地域歧视
819,地域歧视
820,地域歧视
821,地域歧视
822,地域歧视
823,地域歧视
824,地域歧视
825,地域歧视
826,地域歧视
827,地域歧视
828,地域歧视
829,地域歧视
830,地域歧视
831,地域歧视
832,地域歧视
833,地域歧视
834,地域歧视
835,地域歧视
836,地域歧视
837,地域歧视
838,地域歧视
839,地域歧视
840,地域歧视
841,地域歧视
842,地域歧视
843,地域歧视
844,地域歧视
845,地域歧视
846,地域歧视
847,地域歧视
848,地域歧视
849,地域歧视
850,地域歧视
851,地域歧视
852,地域歧视
853,地域歧视
854,地域歧视
855,地域歧视
856,地域歧视
857,地域歧视
858,地域歧视
859,地域歧视
860,地域歧视
861,地域歧视
862,地域歧视
863,地域歧视
864,地域歧视
865,地域歧视
866,地域歧视
867,地域歧视
868,地域歧视
869,地域歧视
870,地域歧视
871,地域歧视
872,地域歧视
873,地域歧视
874,地域歧视
875,地域歧视
876,地域歧视
877,地域歧视
878,地域歧视
879,地域歧视
880,地域歧视
881,地域歧视
882,地域歧视
883,地域歧视
884,地域歧视
885,地域歧视
886,地域歧视
887,地域歧视
888,地域歧视
889,地域歧视
890,地域歧视
891,地域歧视
892,地域歧视
893,地域歧视
894,地域歧视
895,地域歧视
896,地域歧视
897,地域歧视
898,地域歧视
899,地域歧视
900,地域歧视
901,地域歧视
902,地域歧视
903,地域歧视
904,地域歧视
905,地域歧视
906,地域歧视
907,地域歧视
908,地域歧视
909,地域歧视
910,地域歧视
911,地域歧视
912,地域歧视
913,地域歧视
914,地域歧视
915,地域歧视
916,地域歧视
917,地域歧视
918,地域歧视
919,地域歧视
920,地域歧视
921,地域歧视
922,地域歧视
923,地域歧视
924,地域歧视
925,地域歧视
926,地域歧视
927,地域歧视
928,地域歧视
929,地域歧视
930,地域歧视
931,地域歧视
932,地域歧视
933,地域歧视
934,地域歧视
935,地域歧视
936,地域歧视
937,地域歧视
938,地域歧视
939,地域歧视
940,地域歧视
941,地域歧视
942,地域歧视
943,地域歧视
944,地域歧视
945,地域歧视
946,地域歧视
947,地域歧视
948,地域歧视
949,地域歧视
950,地域歧视
951,地域歧视
952,地域歧视
953,地域歧视
954,地域歧视
955,地域歧视
956,地域歧视
957,地域歧视
958,地域歧视
959,地域歧视
960,地域歧视
961,地域歧视
962,地域歧视
963,地域歧视
964,地域歧视
965,地域歧视
966,地域歧视
967,地域歧视
968,地域歧视
969,地域歧视
970,地域歧视
971,地域歧视
972,地域歧视
973,地域歧视
974,地域歧视
975,地域歧视
976,地域歧视
977,地域歧视
978,地域歧视
979,地域歧视
980,地域歧视
981,地域歧视
982,地域歧视
983,地域歧视
984,地域歧视
985,地域歧视
986,地域歧视
987,地域歧视
988,地域歧视
989,地域歧视
990,地域歧视
991,地域歧视
992,地域歧视
993,地域歧视
994,地域歧视
995,地域歧视
996,地域歧视
997,地域歧视
998,地域歧视
999,地域歧视
1000,地域歧视
1001,地域歧视
1002,地域歧视
1003,地域歧视
1004,地域歧视
1005,地域歧视
1006,地域歧视
1007,地域歧视
1008,地域歧视
1009,地域歧视
1010,地域歧视
1011,地域歧视
1012,地域歧视
1013,地域歧视
1014,地域歧视
1015,地域歧视
1016,地域歧视
1017,地域歧视
1018,地域歧视
1019,地域歧视
1020,地域歧视
1021,地域歧视
1022,地域歧视
1023,地域歧视
1024,地域歧视
1025,地域歧视
1026,地域歧视
1027,地域歧视
1028,地域歧视
1029,地域歧视
1030,地域歧视
1031,地域歧视
1032,地域歧视
1033,地域歧视
1034,地域歧视
1035,地域歧视
1036,地域歧视
1037,地域歧视
1038,地域歧视
1039,地域歧视
1040,地域歧视
1041,地域歧视
1042,地域歧视
1043,地域歧视
1044,地域歧视
1045,地域歧视
1046,地域歧视
1047,地域歧视
1048,地域歧视
1049,地域歧视
1050,地域歧视
1051,地域歧视
1052,地域歧视
1053,地域歧视
1054,地域歧视
1055,地域歧视
1056,地域歧视
1057,地域歧视
1058,地域歧视
1059,地域歧视
1060,地域歧视
1061,地域歧视
1062,地域歧视
1063,地域歧视
1064,地域歧视
1065,地域歧视
1066,地域歧视
1067,地域歧视
1068,地域歧视
1069,地域歧视
1070,地域歧视
1071,地域歧视
1072,地域歧视
1073,地域歧视
1074,地域歧视
1075,地域歧视
1076,地域歧视
1077,地域歧视
1078,地域歧视
1079,地域歧视
1080,地域歧视
1081,地域歧视
1082,地域歧视
1083,地域歧视
1084,地域歧视
1085,地域歧视
1086,地域歧视
1087,地域歧视
1088,地域歧视
1089,地域歧视
1090,地域歧视
1091,地域歧视
1092,地域歧视
1093,地域歧视
1094,地域歧视
1095,地域歧视
1096,地域歧视
1097,地域歧视
1098,地域歧视
1099,地域歧视
1100,地域歧视
1101,地域歧视
1102,地域歧视
1103,地域歧视
1104,地域歧视
1105,地域歧视
1106,地域歧视
1107,地域歧视
1108,地域歧视
1109,地域歧视
1110,地域歧视
1111,地域歧视
1112,地域歧视
1113,地域歧视
1114,地域歧视
1115,地域歧视
1116,地域歧视
1117,地域歧视
1118,地域歧视
1119,地域歧视
1120,地域歧视
1121,地域歧视
1122,地域歧视
1123,地域歧视
1124,地域歧视
1125,地域歧视
1126,地域歧视
1127,地域歧视
1128,地域歧视
1129,地域歧视
1130,地域歧视
1131,地域歧视
1132,地域歧视
1133,地域歧视
1134,地域歧视
1135,地域歧视
1136,地域歧视
1137,地域歧视
1138,地域歧视
1139,地域歧视
1140,地域歧视
1141,地域歧视
1142,地域歧视
1143,地域歧视
1144,地域歧视
1145,地域歧视
1146,地域歧视
1147,地域歧视
1148,地域歧视
1149,地域歧视
1150,地域歧视
1151,地域歧视
1152,地域歧视
1153,地域歧视
1154,地域歧视
1155,地域歧视
1156,地域歧视
1157,地域歧视
1158,地域歧视
1159,地域歧视
1160,地域歧视
1161,地域歧视
1162,地域歧视
1163,地域歧视
1164,地域歧视
1165,地域歧视
1166,地域歧视
1167,地域歧视
1168,地域歧视
1169,地域歧视
1170,地域歧视
1171,地域歧视
1172,地域歧视
1173,地域歧视
1174,地域歧视
1175,地域歧视
1176,地域歧视
1177,地域歧视
1178,地域歧视
1179,地域歧视
1180,地域歧视
1181,地域歧视
1182,地域歧视
1183,地域歧视
1184,地域歧视
1185,地域歧视
1186,地域歧视
1187,地域歧视
1188,地域歧视
1189,地域歧视
1190,地域歧视
1191,地域歧视
1192,地域歧视
1193,地域歧视
1194,地域歧视
1195,地域歧视
1196,地域歧视
1197,地域歧视
1198,地域歧视
1199,地域歧视
1200,地域歧视
1201,地域歧视
1202,地域歧视
1203,地域歧视
1204,地域歧视
1205,地域歧视
1206,地域歧视
1207,地域歧视
1208,地域歧视
1209,地域歧视
1210,地域歧视
1211,地域歧视
1212,地域歧视
1213,地域歧视
1214,地域歧视
1215,地域歧视
1216,地域歧视
1217,地域歧视
1218,地域歧视
1219,地域歧视
1220,地域歧视
1221,地域歧视
1222,地域歧视
1223,地域歧视
1224,地域歧视
1225,地域歧视
1226,地域歧视
1227,地域歧视
1228,地域歧视
1229,地域歧视
1230,地域歧视
1231,地域歧视
1232,地域歧视
1233,地域歧视
1234,地域歧视
1235,地域歧视
1236,地域歧视
1237,地域歧视
1238,地域歧视
1239,地域歧视
1240,地域歧视
1241,地域歧视
1242,地域歧视
1243,地域歧视
1244,地域歧视
1245,地域歧视
1246,地域歧视
1247,地域歧视
1248,地域歧视
1249,地域歧视
1250,地域歧视
1251,地域歧视
1252,地域歧视
1253,地域歧视
1254,地域歧视
1255,地域歧视
1256,地域歧视
1257,地域歧视
1258,地域歧视
1259,地域歧视
1260,地域歧视
1261,地域歧视
1262,地域歧视
1263,地域歧视
1264,地域歧视
1265,地域歧视
1266,地域歧视
1267,地域歧视
1268,地域歧视
1269,地域歧视
1270,地域歧视
1271,地域歧视
1272,地域歧视
1273,地域歧视
1274,地域歧视
1275,地域歧视
1276,地域歧视
1277,地域歧视
1278,地域歧视
1279,地域歧视
1280,地域歧视
1281,地域歧视
1282,地域歧视
1283,地域歧视
1284,地域歧视
1285,地域歧视
1286,地域歧视
1287,地域歧视
1288,地域歧视
1289,地域歧视
1290,地域歧视
1291,地域歧视
1292,地域歧视
1293,地域歧视
1294,地域歧视
1295,地域歧视
1296,地域歧视
1297,地域歧视
1298,地域歧视
1299,地域歧视
1300,地域歧视
1301,地域歧视
1302,地域歧视
1303,地域歧视
1304,地域歧视
1305,地域歧视
1306,地域歧视
1307,地域歧视
1308,地域歧视
1309,地域歧视
1310,地域歧视
1311,地域歧视
1312,地域歧视
1313,地域歧视
1314,地域歧视
1315,地域歧视
1316,地域歧视
1317,地域歧视
1318,地域歧视
1319,地域歧视
1320,地域歧视
1321,地域歧视
1322,地域歧视
1323,地域歧视
1324,地域歧视
1325,地域歧视
1326,地域歧视
1327,地域歧视
1328,地域歧视
1329,地域歧视
1330,地域歧视
1331,地域歧视
1332,地域歧视
1333,地域歧视
1334,地域歧视
1335,地域歧视
1336,地域歧视
1337,地域歧视
1338,地域歧视
1339,地域歧视
1340,地域歧视
1341,地域歧视
1342,地域歧视
1343,地域歧视
1344,地域歧视
1345,地域歧视
1346,地域歧视
1347,地域歧视
1348,地域歧视
1349,地域歧视
1350,地域歧视
1351,地域歧视
1352,地域歧视
1353,地域歧视
1354,地域歧视
1355,地域歧视
1356,地域歧视
1357,地域歧视
1358,地域歧视
1359,地域歧视
1360,地域歧视
1361,地域歧视
1362,地域歧视
1363,地域歧视
1364,地域歧视
1365,地域歧视
1366,地域歧视
1367,地域歧视
1368,地域歧视
1369,地域歧视
1370,地域歧视
1371,地域歧视
1372,地域歧视
1373,地域歧视
1374,地域歧视
1375,地域歧视
1376,地域歧视
1377,地域歧视
1378,地域歧视
1379,地域歧视
1380,地域歧视
1381,地域歧视
1382,地域歧视
1383,地域歧视
1384,地域歧视
1385,地域歧视
1386,地域歧视
1387,地域歧视
1388,地域歧视
1389,地域歧视
1390,地域歧视
1391,地域歧视
1392,地域歧视
1393,地域歧视
1394,地域歧视
1395,地域歧视
1396,地域歧视
1397,地域歧视
1398,地域歧视
1399,地域歧视
1400,地域歧视
1401,地域歧视
1402,地域歧视
1403,地域歧视
1404,地域歧视
1405,地域歧视
1406,地域歧视
1407,地域歧视
1408,地域歧视
1409,地域歧视
1410,地域歧视
1411,地域歧视
1412,地域歧视
1413,地域歧视
1414,地域歧视
1415,地域歧视
1416,地域歧视
1417,地域歧视
1418,地域歧视
1419,地域歧视
1420,地域歧视
1421,地域歧视
1422,地域歧视
1423,地域歧视
1424,地域歧视
1425,地域歧视
1426,地域歧视
1427,地域歧视
1428,地域歧视
1429,地域歧视
1430,地域歧视
1431,地域歧视
1432,地域歧视
1433,地域歧视
1434,地域歧视
1435,地域歧视
1436,地域歧视
1437,地域歧视
1438,地域歧视
1439,地域歧视
1440,地域歧视
1441,地域歧视
1442,地域歧视
1443,地域歧视
1444,地域歧视
1445,地域歧视
1446,地域歧视
1447,地域歧视
1448,地域歧视
1449,地域歧视
1450,地域歧视
1451,地域歧视
1452,地域歧视
1453,地域歧视
1454,地域歧视
1455,地域歧视
1456,地域歧视
1457,地域歧视
1458,地域歧视
1459,地域歧视
1460,地域歧视
1461,地域歧视
1462,地域歧视
1463,地域歧视
1464,地域歧视
1465,地域歧视
1466,地域歧视
1467,地域歧视
1468,地域歧视
1469,地域歧视
1470,地域歧视
1471,地域歧视
1472,地域歧视
1473,地域歧视
1474,地域歧视
1475,地域歧视
1476,地域歧视
1477,地域歧视
1478,地域歧视
1479,地域歧视
1480,地域歧视
1481,地域歧视
1482,地域歧视
1483,地域歧视
1484,地域歧视
1485,地域歧视
1486,地域歧视
1487,地域歧视
1488,地域歧视
1489,地域歧视
1490,地域歧视
1491,地域歧视
1492,地域歧视
1493,地域歧视
1494,地域歧视
1495,地域歧视
1496,地域歧视
1497,地域歧视
1498,地域歧视
1499,地域歧视
1500,地域歧视
1501,地域歧视
1502,地域歧视
1503,地域歧视
1504,地域歧视
1505,地域歧视
1506,地域歧视
1507,地域歧视
1508,地域歧视
1509,地域歧视
1510,地域歧视
1511,地域歧视
1512,地域歧视
1513,地域歧视
1514,地域歧视
1515,地域歧视
1516,地域歧视
1517,地域歧视
1518,地域歧视
1519,地域歧视
1520,地域歧视
1521,地域歧视
1522,地域歧视
1523,地域歧视
1524,地域歧视
1525,地域歧视
1526,地域歧视
1527,地域歧视
1528,地域歧视
1529,地域歧视
1530,地域歧视
1531,地域歧视
1532,地域歧视
1533,地域歧视
1534,地域歧视
1535,地域歧视
1536,地域歧视
1537,地域歧视
1538,地域歧视
1539,地域歧视
1540,地域歧视
1541,地域歧视
1542,地域歧视
1543,地域歧视
1544,地域歧视
1545,地域歧视
1546,地域歧视
1547,地域歧视
1548,地域歧视
1549,地域歧视
1550,地域歧视
1551,地域歧视
1552,地域歧视
1553,地域歧视
1554,地域歧视
1555,地域歧视
1556,地域歧视
1557,地域歧视
1558,地域歧视
1559,地域歧视
1560,地域歧视
1561,地域歧视
1562,地域歧视
1563,地域歧视
1564,地域歧视
1565,地域歧视
1566,地域歧视
1567,地域歧视
1568,地域歧视
1569,地域歧视
1570,地域歧视
1571,地域歧视
1572,地域歧视
1573,地域歧视
1574,地域歧视
1575,地域歧视
1576,地域歧视
1577,地域歧视
1578,地域歧视
1579,地域歧视
1580,地域歧视
1581,地域歧视
1582,地域歧视
1583,地域歧视
1584,地域歧视
1585,地域歧视
1586,地域歧视
1587,地域歧视
1588,地域歧视
1589,地域歧视
1590,地域歧视
1591,地域歧视
1592,地域歧视
1593,地域歧视
1594,地域歧视
1595,地域歧视
1596,地域歧视
1597,地域歧视
1598,地域歧视
1599,地域歧视
1600,地域歧视
1601,地域歧视
1602,地域歧视
1603,地域歧视
1604,地域歧视
1605,地域歧视
1606,地域歧视
1607,地域歧视
1608,地域歧视
1609,地域歧视
1610,地域歧视
1611,地域歧视
1612,地域歧视
1613,地域歧视
1614,地域歧视
1615,地域歧视
1616,地域歧视
1617,地域歧视
1618,地域歧视
1619,地域歧视
1620,地域歧视
1621,地域歧视
1622,地域歧视
1623,地域歧视
1624,地域歧视
1625,地域歧视
1626,地域歧视
1627,地域歧视
1628,地域歧视
1629,地域歧视
1630,地域歧视
1631,地域歧视
1632,地域歧视
1633,地域歧视
1634,地域歧视
1635,地域歧视
1636,地域歧视
1637,地域歧视
1638,地域歧视
1639,地域歧视
1640,地域歧视
1641,地域歧视
1642,地域歧视
1643,地域歧视
1644,地域歧视
1645,地域歧视
1646,地域歧视
1647,地域歧视
1648,地域歧视
1649,地域歧视
1650,地域歧视
1651,地域歧视
1652,地域歧视
1653,地域歧视
1654,地域歧视
1655,地域歧视
1656,地域歧视
1657,地域歧视
1658,地域歧视
1659,地域歧视
1660,地域歧视
1661,地域歧视
1662,地域歧视
1663,地域歧视
1664,地域歧视
1665,地域歧视
1666,地域歧视
1667,地域歧视
1668,地域歧视
1669,地域歧视
1670,地域歧视
1671,地域歧视
1672,地域歧视
1673,地域歧视
1674,地域歧视
1675,地域歧视
1676,地域歧视
1677,地域歧视
1678,地域歧视
1679,地域歧视
1680,地域歧视
1681,地域歧视
1682,地域歧视
1683,地域歧视
1684,地域歧视
1685,地域歧视
1686,地域歧视
1687,地域歧视
1688,地域歧视
1689,地域歧视
1690,地域歧视
1691,地域歧视
1692,地域歧视
1693,地域歧视
1694,地域歧视
1695,地域歧视
1696,地域歧视
1697,地域歧视
1698,地域歧视
1699,地域歧视
1700,地域歧视
1701,地域歧视
1702,地域歧视
1703,地域歧视
1704,地域歧视
1705,地域歧视
1706,地域歧视
1707,地域歧视
1708,地域歧视
1709,地域歧视
1710,地域歧视
1711,地域歧视
1712,地域歧视
1713,地域歧视
1714,地域歧视
1715,地域歧视
1716,地域歧视
1717,地域歧视
1718,地域歧视
1719,地域歧视
1720,地域歧视
1721,地域歧视
1722,地域歧视
1723,地域歧视
1724,地域歧视
1725,地域歧视
1726,地域歧视
1727,地域歧视
1728,地域歧视
1729,地域歧视
1730,地域歧视
1731,地域歧视
1732,地域歧视
1733,地域歧视
1734,地域歧视
1735,地域歧视
1736,地域歧视
1737,地域歧视
1738,地域歧视
1739,地域歧视
1740,地域歧视
1741,地域歧视
1742,地域歧视
1743,地域歧视
1744,地域歧视
1745,地域歧视
1746,地域歧视
1747,地域歧视
1748,地域歧视
1749,地域歧视
1750,地域歧视
1751,地域歧视
1752,地域歧视
1753,地域歧视
1754,地域歧视
1755,地域歧视
1756,地域歧视
1757,地域歧视
1758,地域歧视
1759,地域歧视
1760,地域歧视
1761,地域歧视
1762,地域歧视
1763,地域歧视
1764,地域歧视
1765,地域歧视
1766,地域歧视
1767,地域歧视
1768,地域歧视
1769,地域歧视
1770,地域歧视
1771,地域歧视
1772,地域歧视
1773,地域歧视
1774,地域歧视
1775,地域歧视
1776,地域歧视
1777,地域歧视
1778,地域歧视
1779,地域歧视
1780,地域歧视
1781,地域歧视
1782,地域歧视
1783,地域歧视
1784,地域歧视
1785,地域歧视
1786,地域歧视
1787,地域歧视
1788,地域歧视
1789,地域歧视
1790,地域歧视
1791,地域歧视
1792,地域歧视
1793,地域歧视
1794,地域歧视
1795,地域歧视
1796,地域歧视
1797,地域歧视
1798,地域歧视
1799,地域歧视
1800,地域歧视
1801,地域歧视
1802,地域歧视
1803,地域歧视
1804,地域歧视
1805,地域歧视
1806,地域歧视
1807,地域歧视
1808,地域歧视
1809,地域歧视
1810,地域歧视
1811,地域歧视
1812,地域歧视
1813,地域歧视
1814,地域歧视
1815,地域歧视
1816,地域歧视
1817,地域歧视
1818,地域歧视
1819,地域歧视
1820,地域歧视
1821,地域歧视
1822,地域歧视
1823,地域歧视
1824,地域歧视
1825,地域歧视
1826,地域歧视
1827,地域歧视
1828,地域歧视
1829,地域歧视
1830,地域歧视
1831,地域歧视
1832,地域歧视
1833,地域歧视
1834,地域歧视
1835,地域歧视
1836,地域歧视
1837,地域歧视
1838,地域歧视
1839,地域歧视
1840,地域歧视
1841,地域歧视
1842,地域歧视
1843,地域歧视
1844,地域歧视
1845,地域歧视
1846,地域歧视
1847,地域歧视
1848,地域歧视
1849,地域歧视
1850,地域歧视
1851,地域歧视
1852,地域歧视
1853,地域歧视
1854,地域歧视
1855,地域歧视
1856,地域歧视
1857,地域歧视
1858,地域歧视
1859,地域歧视
1860,地域歧视
1861,地域歧视
1862,地域歧视
1863,地域歧视
1864,地域歧视
1865,地域歧视
1866,地域歧视
1867,地域歧视
1868,地域歧视
1869,地域歧视
1870,地域歧视
1871,地域歧视
1872,地域歧视
1873,地域歧视
1874,地域歧视
1875,地域歧视
1876,地域歧视
1877,地域歧视
1878,地域歧视
1879,地域歧视
1880,地域歧视
1881,地域歧视
1882,地域歧视
1883,地域歧视
1884,地域歧视
1885,地域歧视
1886,地域歧视
1887,地域歧视
1888,地域歧视
1889,地域歧视
1890,地域歧视
1891,地域歧视
1892,地域歧视
1893,地域歧视
1894,地域歧视
1895,地域歧视
1896,地域歧视
1897,地域歧视
1898,地域歧视
1899,地域歧视
1900,地域歧视
1901,地域歧视
1902,地域歧视
1903,地域歧视
1904,地域歧视
1905,地域歧视
1906,地域歧视
1907,地域歧视
1908,地域歧视
1909,地域歧视
1910,地域歧视
1911,地域歧视
1912,地域歧视
1913,地域歧视
1914,地域歧视
1915,地域歧视
1916,地域歧视
1917,地域歧视
1918,地域歧视
1919,地域歧视
1920,地域歧视
1921,地域歧视
1922,地域歧视
1923,地域歧视
1924,地域歧视
1925,地域歧视
1926,地域歧视
1927,地域歧视
1928,地域歧视
1929,地域歧视
1930,地域歧视
1931,地域歧视
1932,地域歧视
1933,地域歧视
1934,地域歧视
1935,地域歧视
1936,地域歧视
1937,地域歧视
1938,地域歧视
1939,地域歧视
1940,地域歧视
1941,地域歧视
1942,地域歧视
1943,地域歧视
1944,地域歧视
1945,地域歧视
1946,地域歧视
1947,地域歧视
1948,地域歧视
1949,地域歧视
1950,地域歧视
1951,地域歧视
1952,地域歧视
1953,地域歧视
1954,地域歧视
1955,地域歧视
1956,地域歧视
1957,地域歧视
1958,地域歧视
1959,地域歧视
1960,地域歧视
1961,地域歧视
1962,地域歧视
1963,地域歧视
1964,地域歧视
1965,地域歧视
1966,地域歧视
1967,地域歧视
1968,地域歧视
1969,地域歧视
1970,地域歧视
1971,地域歧视
1972,地域歧视
1973,地域歧视
1974,地域歧视
1975,地域歧视
1976,地域歧视
1977,地域歧视
1978,地域歧视
1979,地域歧视
1980,地域歧视
1981,地域歧视
1982,地域歧视
1983,地域歧视
1984,地域歧视
1985,地域歧视
1986,地域歧视
1987,地域歧视
1988,地域歧视
1989,地域歧视
1990,地域歧视
1991,地域歧视
1992,地域歧视
1993,地域歧视
1994,地域歧视
1995,地域歧视
1996,地域歧视
1997,地域歧视
1998,地域歧视
1999,地域歧视
2000,地域歧视
2001,地域歧视
2002,地域歧视
2003,地域歧视
2004,地域歧视
2005,地域歧视
2006,地域歧视
2007,地域歧视
2008,地域歧视
2009,地域歧视
2010,地域歧视
2011,地域歧视
2012,地域歧视
2013,地域歧视
2014,地域歧视
2015,地域歧视
2016,地域歧视
2017,地域歧视
2018,地域歧视
2019,地域歧视
2020,地域歧视
2021,地域歧视
2022,地域歧视
2023,地域歧视
2024,地域歧视
2025,地域歧视
2026,地域歧视
2027,地域歧视
2028,地域歧视
2029,地域歧视
2030,地域歧视
2031,地域歧视
2032,地域歧视
2033,地域歧视
2034,地域歧视
2035,地域歧视
2036,地域歧视
2037,地域歧视
2038,地域歧视
2039,地域歧视
2040,地域歧视
2041,地域歧视
2042,地域歧视
2043,地域歧视
2044,地域歧视
2045,地域歧视
2046,地域歧视
2047,地域歧视
2048,地域歧视
2049,地域歧视
2050,地域歧视
2051,地域歧视
2052,地域歧视
2053,地域歧视
2054,地域歧视
2055,地域歧视
2056,地域歧视
2057,地域歧视
2058,地域歧视
2059,地域歧视
2060,地域歧视
2061,地域歧视
2062,地域歧视
2063,地域歧视
2064,地域歧视
2065,地域歧视
2066,地域歧视
2067,地域歧视
2068,地域歧视
2069,地域歧视
2070,地域歧视
2071,地域歧视
2072,地域歧视
2073,地域歧视
2074,地域歧视
2075,地域歧视
2076,地域歧视
2077,地域歧视
2078,地域歧视
2079,地域歧视
2080,地域歧视
2081,地域歧视
2082,地域歧视
2083,地域歧视
2084,地域歧视
2085,地域歧视
2086,地域歧视
2087,地域歧视
2088,地域歧视
2089,地域歧视
2090,地域歧视
2091,地域歧视
2092,地域歧视
2093,地域歧视
2094,地域歧视
2095,地域歧视
2096,地域歧视
2097,地域歧视
2098,地域歧视
2099,地域歧视
2100,地域歧视
2101,地域歧视
2102,地域歧视
2103,地域歧视
2104,地域歧视
2105,地域歧视
2106,地域歧视
2107,地域歧视
2108,地域歧视
2109,地域歧视
2110,地域歧视
2111,地域歧视
2112,地域歧视
2113,地域歧视
2114,地域歧视
2115,地域歧视
2116,地域歧视
2117,地域歧视
2118,地域歧视
2119,地域歧视
2120,地域歧视
2121,地域歧视
2122,地域歧视
2123,地域歧视
2124,地域歧视
2125,地域歧视
2126,地域歧视
2127,地域歧视
2128,地域歧视
2129,地域歧视
2130,地域歧视
2131,地域歧视
2132,地域歧视
2133,地域歧视
2134,地域歧视
2135,地域歧视
2136,地域歧视
2137,地域歧视
2138,地域歧视
2139,地域歧视
2140,地域歧视
2141,地域歧视
2142,地域歧视
2143,地域歧视
2144,地域歧视
2145,地域歧视
2146,地域歧视
2147,地域歧视
2148,地域歧视
2149,地域歧视
2150,地域歧视
2151,地域歧视
2152,地域歧视
2153,地域歧视
2154,地域歧视
2155,地域歧视
2156,地域歧视
2157,地域歧视
2158,地域歧视
2159,地域歧视
2160,地域歧视
2161,地域歧视
2162,地域歧视
2163,地域歧视
2164,地域歧视
2165,地域歧视
2166,地域歧视
2167,地域歧视
2168,地域歧视
2169,地域歧视
2170,地域歧视
2171,地域歧视
2172,地域歧视
2173,地域歧视
2174,地域歧视
2175,地域歧视
2176,地域歧视
2177,地域歧视
2178,地域歧视
2179,地域歧视
2180,地域歧视
2181,地域歧视
2182,地域歧视
2183,地域歧视
2184,地域歧视
2185,地域歧视
2186,地域歧视
2187,地域歧视
2188,地域歧视
2189,地域歧视
2190,地域歧视
2191,地域歧视
2192,地域歧视
2193,地域歧视
2194,地域歧视
2195,地域歧视
2196,地域歧视
2197,地域歧视
2198,地域歧视
2199,地域歧视
2200,地域歧视
2201,地域歧视
2202,地域歧视
2203,地域歧视
2204,地域歧视
2205,地域歧视
2206,地域歧视
2207,地域歧视
2208,地域歧视
2209,地域歧视
2210,地域歧视
2211,地域歧视
2212,地域歧视
2213,地域歧视
2214,地域歧视
2215,地域歧视
2216,地域歧视
2217,地域歧视
2218,地域歧视
2219,地域歧视
2220,地域歧视
2221,地域歧视
2222,地域歧视
2223,地域歧视
2224,地域歧视
2225,地域歧视
2226,地域歧视
2227,地域歧视
2228,地域歧视
2229,地域歧视
2230,地域歧视
2231,地域歧视
2232,地域歧视
2233,地域歧视
2234,地域歧视
2235,地域歧视
2236,地域歧视
2237,地域歧视
2238,地域歧视
2239,地域歧视
2240,地域歧视
2241,地域歧视
2242,地域歧视
2243,地域歧视
2244,地域歧视
2245,地域歧视
2246,地域歧视
2247,地域歧视
2248,地域歧视
2249,地域歧视
2250,地域歧视
2251,地域歧视
2252,地域歧视
2253,地域歧视
2254,地域歧视
2255,地域歧视
2256,地域歧视
2257,地域歧视
2258,地域歧视
2259,地域歧视
2260,地域歧视
2261,地域歧视
2262,地域歧视
2263,地域歧视
2264,地域歧视
2265,地域歧视
2266,地域歧视
2267,地域歧视
2268,地域歧视
2269,地域歧视
2270,地域歧视
2271,地域歧视
2272,地域歧视
2273,地域歧视
2274,地域歧视
2275,地域歧视
2276,地域歧视
2277,地域歧视
2278,地域歧视
2279,地域歧视
2280,地域歧视
2281,地域歧视
2282,地域歧视
2283,地域歧视
2284,地域歧视
2285,地域歧视
2286,地域歧视
2287,地域歧视
2288,地域歧视
2289,地域歧视
2290,地域歧视
2291,地域歧视
2292,地域歧视
2293,地域歧视
2294,地域歧视
2295,地域歧视
2296,地域歧视
2297,地域歧视
2298,地域歧视
2299,地域歧视
2300,地域歧视
2301,地域歧视
2302,地域歧视
2303,地域歧视
2304,地域歧视
2305,地域歧视
2306,地域歧视
2307,地域歧视
2308,地域歧视
2309,地域歧视
2310,地域歧视
2311,地域歧视
2312,地域歧视
2313,地域歧视
2314,地域歧视
2315,地域歧视
2316,地域歧视
2317,地域歧视
2318,地域歧视
2319,地域歧视
2320,地域歧视
2321,地域歧视
2322,地域歧视
2323,地域歧视
2324,地域歧视
2325,地域歧视
2326,地域歧视
2327,地域歧视
2328,地域歧视
2329,地域歧视
2330,地域歧视
2331,地域歧视
2332,地域歧视
2333,地域歧视
2334,地域歧视
2335,地域歧视
2336,地域歧视
2337,地域歧视
2338,地域歧视
2339,地域歧视
2340,地域歧视
2341,地域歧视
2342,地域歧视
2343,地域歧视
2344,地域歧视
2345,地域歧视
2346,地域歧视
2347,地域歧视
2348,地域歧视
2349,地域歧视
2350,地域歧视
2351,地域歧视
2352,地域歧视
2353,地域歧视
2354,地域歧视
2355,地域歧视
2356,地域歧视
2357,地域歧视
2358,地域歧视
2359,地域歧视
2360,地域歧视
2361,地域歧视
2362,地域歧视
2363,地域歧视
2364,地域歧视
2365,地域歧视
2366,地域歧视
2367,地域歧视
2368,地域歧视
2369,地域歧视
2370,地域歧视
2371,地域歧视
2372,地域歧视
2373,地域歧视
2374,地域歧视
2375,地域歧视
2376,地域歧视
2377,地域歧视
2378,地域歧视
2379,地域歧视
2380,地域歧视
2381,地域歧视
2382,地域歧视
2383,地域歧视
2384,地域歧视
2385,地域歧视
2386,地域歧视
2387,地域歧视
2388,地域歧视
2389,地域歧视
2390,地域歧视
2391,地域歧视
2392,地域歧视
2393,地域歧视
2394,地域歧视
2395,地域歧视
2396,地域歧视
2397,地域歧视
2398,地域歧视
2399,地域歧视
2400,地域歧视
2401,地域歧视
2402,地域歧视
2403,地域歧视
2404,地域歧视
2405,地域歧视
2406,地域歧视
2407,地域歧视
2408,地域歧视
2409,地域歧视
2410,地域歧视
2411,地域歧视
2412,地域歧视
2413,地域歧视
2414,地域歧视
2415,地域歧视
2416,地域歧视
2417,地域歧视
2418,地域歧视
2419,地域歧视
2420,地域歧视
2421,地域歧视
2422,地域歧视
2423,地域歧视
2424,地域歧视
2425,地域歧视
2426,地域歧视
2427,地域歧视
2428,地域歧视
2429,地域歧视
2430,地域歧视
2431,地域歧视
2432,地域歧视
2433,地域歧视
2434,地域歧视
2435,地域歧视
2436,地域歧视
2437,地域歧视
2438,地域歧视
2439,地域歧视
2440,地域歧视
2441,地域歧视
2442,地域歧视
2443,地域歧视
2444,地域歧视
2445,地域歧视
2446,地域歧视
2447,地域歧视
2448,地域歧视
2449,地域歧视
2450,地域歧视
2451,地域歧视
2452,地域歧视
2453,地域歧视
2454,地域歧视
2455,地域歧视
2456,地域歧视
2457,地域歧视
2458,地域歧视
2459,地域歧视
2460,地域歧视
2461,地域歧视
2462,地域歧视
2463,地域歧视
2464,地域歧视
2465,地域歧视
2466,地域歧视
2467,地域歧视
2468,地域歧视
2469,地域歧视
2470,地域歧视
2471,地域歧视
2472,地域歧视
2473,地域歧视
2474,地域歧视
2475,地域歧视
2476,地域歧视
2477,地域歧视
2478,地域歧视
2479,地域歧视
2480,地域歧视
2481,地域歧视
2482,地域歧视
2483,地域歧视
2484,地域歧视
2485,地域歧视
2486,地域歧视
2487,地域歧视
2488,地域歧视
2489,地域歧视
2490,地域歧视
2491,地域歧视
2492,地域歧视
2493,地域歧视
2494,地域歧视
2495,地域歧视
2496,地域歧视
2497,地域歧视
2498,地域歧视
2499,地域歧视
2500,地域歧视
2501,地域歧视
2502,地域歧视
2503,地域歧视
2504,地域歧视
2505,地域歧视
2506,地域歧视
2507,地域歧视
2508,地域歧视
2509,地域歧视
2510,地域歧视
2511,地域歧视
2512,地域歧视
2513,地域歧视
2514,地域歧视
2515,地域歧视
2516,地域歧视
2517,地域歧视
2518,地域歧视
2519,地域歧视
2520,地域歧视
2521,地域歧视
2522,地域歧视
2523,地域歧视
2524,地域歧视
2525,地域歧视
2526,地域歧视
2527,地域歧视
2528,地域歧视
2529,地域歧视
2530,地域歧视
2531,地域歧视
2532,地域歧视
2533,地域歧视
2534,地域歧视
2535,地域歧视
2536,地域歧视
2537,地域歧视
2538,地域歧视
2539,地域歧视
2540,地域歧视
2541,地域歧视
2542,地域歧视
2543,地域歧视
2544,地域歧视
2545,地域歧视
2546,地域歧视
2547,地域歧视
2548,地域歧视
2549,地域歧视
2550,地域歧视
2551,地域歧视
2552,地域歧视
2553,地域歧视
2554,地域歧视
2555,地域歧视
2556,地域歧视
2557,地域歧视
2558,地域歧视
2559,地域歧视
2560,地域歧视
2561,地域歧视
2562,地域歧视
2563,地域歧视
2564,地域歧视
2565,地域歧视
2566,地域歧视
2567,地域歧视
2568,地域歧视
2569,地域歧视
2570,地域歧视
2571,地域歧视
2572,地域歧视
2573,地域歧视
2574,地域歧视
2575,地域歧视
2576,地域歧视
2577,地域歧视
2578,地域歧视
2579,地域歧视
2580,地域歧视
2581,地域歧视
2582,地域歧视
2583,地域歧视
2584,地域歧视
2585,地域歧视
2586,地域歧视
2587,地域歧视
2588,地域歧视
2589,地域歧视
2590,地域歧视
2591,地域歧视
2592,地域歧视
2593,地域歧视
2594,地域歧视
2595,地域歧视
2596,地域歧视
2597,地域歧视
2598,地域歧视
2599,地域歧视
2600,地域歧视
2601,地域歧视
2602,地域歧视
2603,地域歧视
2604,地域歧视
2605,地域歧视
2606,地域歧视
2607,地域歧视
2608,地域歧视
2609,地域歧视
2610,地域歧视
2611,地域歧视
2612,地域歧视
2613,地域歧视
2614,地域歧视
2615,地域歧视
2616,地域歧视
2617,地域歧视
2618,地域歧视
2619,地域歧视
2620,地域歧视
2621,地域歧视
2622,地域歧视
2623,地域歧视
2624,地域歧视
2625,地域歧视
2626,地域歧视
2627,地域歧视
2628,地域歧视
2629,地域歧视
2630,地域歧视
2631,地域歧视
2632,地域歧视
2633,地域歧视
2634,地域歧视
2635,地域歧视
2636,地域歧视
2637,地域歧视
2638,地域歧视
2639,地域歧视
2640,地域歧视
2641,地域歧视
2642,地域歧视
2643,地域歧视
2644,地域歧视
2645,地域歧视
2646,地域歧视
2647,地域歧视
2648,地域歧视
2649,地域歧视
2650,地域歧视
2651,地域歧视
2652,地域歧视
2653,地域歧视
2654,地域歧视
2655,地域歧视
2656,地域歧视
2657,地域歧视
2658,地域歧视
2659,地域歧视
2660,地域歧视
2661,地域歧视
2662,地域歧视
2663,地域歧视
2664,地域歧视
2665,地域歧视
2666,地域歧视
2667,地域歧视
2668,地域歧视
2669,地域歧视
2670,地域歧视
2671,地域歧视
2672,地域歧视
2673,地域歧视
2674,地域歧视
2675,地域歧视
2676,地域歧视
2677,地域歧视
2678,地域歧视
2679,地域歧视
2680,地域歧视
2681,地域歧视
2682,地域歧视
2683,地域歧视
2684,地域歧视
2685,地域歧视
2686,地域歧视
2687,地域歧视
2688,地域歧视
2689,地域歧视
2690,地域歧视
2691,地域歧视
2692,地域歧视
2693,地域歧视
2694,地域歧视
2695,地域歧视
2696,地域歧视
2697,地域歧视
2698,地域歧视
2699,地域歧视
2700,地域歧视
2701,地域歧视
2702,地域歧视
2703,地域歧视
2704,地域歧视
2705,地域歧视
2706,地域歧视
2707,地域歧视
2708,地域歧视
2709,地域歧视
2710,地域歧视
2711,地域歧视
2712,地域歧视
2713,地域歧视
2714,地域歧视
2715,地域歧视
2716,地域歧视
2717,地域歧视
2718,地域歧视
2719,地域歧视
2720,地域歧视
2721,地域歧视
2722,地域歧视
2723,地域歧视
2724,地域歧视
2725,地域歧视
2726,地域歧视
2727,地域歧视
2728,地域歧视
2729,地域歧视
2730,地域歧视
2731,地域歧视
2732,地域歧视
2733,地域歧视
2734,地域歧视
2735,地域歧视
2736,地域歧视
2737,地域歧视
2738,地域歧视
2739,地域歧视
2740,地域歧视
2741,地域歧视
2742,地域歧视
2743,地域歧视
2744,地域歧视
2745,地域歧视
2746,地域歧视
2747,地域歧视
2748,地域歧视
2749,地域歧视
2750,地域歧视
2751,地域歧视
2752,地域歧视
2753,地域歧视
2754,地域歧视
2755,地域歧视
2756,地域歧视
2757,地域歧视
2758,地域歧视
2759,地域歧视
2760,地域歧视
2761,地域歧视
2762,地域歧视
2763,地域歧视
2764,地域歧视
2765,地域歧视
2766,地域歧视
2767,地域歧视
2768,地域歧视
2769,地域歧视
2770,地域歧视
2771,地域歧视
2772,地域歧视
2773,地域歧视
2774,地域歧视
2775,地域歧视
2776,地域歧视
2777,地域歧视
2778,地域歧视
2779,地域歧视
2780,地域歧视
2781,地域歧视
2782,地域歧视
2783,地域歧视
2784,地域歧视
2785,地域歧视
2786,地域歧视
2787,地域歧视
2788,地域歧视
2789,地域歧视
2790,地域歧视
2791,地域歧视
2792,地域歧视
2793,地域歧视
2794,地域歧视
2795,地域歧视
2796,地域歧视
2797,地域歧视
2798,地域歧视
2799,地域歧视
2800,地域歧视
2801,地域歧视
2802,地域歧视
2803,地域歧视
2804,地域歧视
2805,地域歧视
2806,地域歧视
2807,地域歧视
2808,地域歧视
2809,地域歧视
2810,地域歧视
2811,地域歧视
2812,地域歧视
2813,地域歧视
2814,地域歧视
2815,地域歧视
2816,地域歧视
2817,地域歧视
2818,地域歧视
2819,地域歧视
2820,地域歧视
2821,地域歧视
2822,地域歧视
2823,地域歧视
2824,地域歧视
2825,地域歧视
2826,地域歧视
2827,地域歧视
2828,地域歧视
2829,地域歧视
2830,地域歧视
2831,地域歧视
2832,地域歧视
2833,地域歧视
2834,地域歧视
2835,地域歧视
2836,地域歧视
2837,地域歧视
2838,地域歧视
2839,地域歧视
2840,地域歧视
2841,地域歧视
2842,地域歧视
2843,地域歧视
2844,地域歧视
2845,地域歧视
2846,地域歧视
2847,地域歧视
2848,地域歧视
2849,地域歧视
2850,地域歧视
2851,地域歧视
2852,地域歧视
2853,地域歧视
2854,地域歧视
2855,地域歧视
2856,地域歧视
2857,地域歧视
2858,地域歧视
2859,地域歧视
2860,地域歧视
2861,地域歧视
2862,地域歧视
2863,地域歧视
2864,地域歧视
2865,地域歧视
2866,地域歧视
2867,地域歧视
2868,地域歧视
2869,地域歧视
2870,地域歧视
2871,地域歧视
2872,地域歧视
2873,地域歧视
2874,地域歧视
2875,地域歧视
2876,地域歧视
2877,地域歧视
2878,地域歧视
2879,地域歧视
2880,地域歧视
2881,地域歧视
2882,地域歧视
2883,地域歧视
2884,地域歧视
2885,地域歧视
2886,地域歧视
2887,地域歧视
2888,地域歧视
2889,地域歧视
2890,地域歧视
2891,地域歧视
2892,地域歧视
2893,地域歧视
2894,地域歧视
2895,地域歧视
2896,地域歧视
2897,地域歧视
2898,地域歧视
2899,地域歧视
2900,地域歧视
2901,地域歧视
2902,地域歧视
2903,地域歧视
2904,地域歧视
2905,地域歧视
2906,地域歧视
2907,地域歧视
2908,地域歧视
2909,地域歧视
2910,地域歧视
2911,地域歧视
2912,地域歧视
2913,地域歧视
2914,地域歧视
2915,地域歧视
2916,地域歧视
2917,地域歧视
2918,地域歧视
2919,地域歧视
2920,地域歧视
2921,地域歧视
2922,地域歧视
2923,地域歧视
2924,地域歧视
2925,地域歧视
2926,地域歧视
2927,地域歧视
2928,地域歧视
2929,地域歧视
2930,地域歧视
2931,地域歧视
2932,地域歧视
2933,地域歧视
2934,地域歧视
2935,地域歧视
2936,地域歧视
2937,地域歧视
2938,地域歧视
2939,地域歧视
2940,地域歧视
2941,地域歧视
2942,地域歧视
2943,地域歧视
2944,地域歧视
2945,地域歧视
2946,地域歧视
2947,地域歧视
2948,地域歧视
2949,地域歧视
2950,地域歧视
2951,地域歧视
2952,地域歧视
2953,地域歧视
2954,地域歧视
2955,地域歧视
2956,地域歧视
2957,地域歧视
2958,地域歧视
2959,地域歧视
2960,地域歧视
2961,地域歧视
2962,地域歧视
2963,地域歧视
2964,地域歧视
2965,地域歧视
2966,地域歧视
2967,地域歧视
2968,地域歧视
2969,地域歧视
2970,地域歧视
2971,地域歧视
2972,地域歧视
2973,地域歧视
2974,地域歧视
2975,地域歧视
2976,地域歧视
2977,地域歧视
2978,地域歧视
2979,地域歧视
2980,地域歧视
2981,地域歧视
2982,地域歧视
2983,地域歧视
2984,地域歧视
2985,地域歧视
2986,地域歧视
2987,地域歧视
2988,地域歧视
2989,地域歧视
2990,地域歧视
2991,地域歧视
2992,地域歧视
2993,地域歧视
2994,地域歧视
2995,地域歧视
2996,地域歧视
2997,地域歧视
2998,地域歧视
2999,地域歧视
3000,地域歧视
3001,地域歧视
3002,地域歧视
3003,地域歧视
3004,地域歧视
3005,地域歧视
3006,地域歧视
3007,地域歧视
3008,地域歧视
3009,地域歧视
3010,地域歧视
3011,地域歧视
3012,地域歧视
3013,地域歧视
3014,地域歧视
3015,地域歧视
3016,地域歧视
3017,地域歧视
3018,地域歧视
3019,地域歧视
3020,地域歧视
3021,地域歧视
3022,地域歧视
3023,地域歧视
3024,地域歧视
3025,地域歧视
3026,地域歧视
3027,地域歧视
3028,地域歧视
3029,地域歧视
3030,地域歧视
3031,地域歧视
3032,地域歧视
3033,地域歧视
3034,地域歧视
3035,地域歧视
3036,地域歧视
3037,地域歧视
3038,地域歧视
3039,地域歧视
3040,地域歧视
3041,地域歧视
3042,地域歧视
3043,地域歧视
3044,地域歧视
3045,地域歧视
3046,地域歧视
3047,地域歧视
3048,地域歧视
3049,地域歧视
3050,地域歧视
3051,地域歧视
3052,地域歧视
3053,地域歧视
3054,地域歧视
3055,地域歧视
3056,地域歧视
3057,地域歧视
3058,地域歧视
3059,地域歧视
3060,地域歧视
3061,地域歧视
3062,地域歧视
3063,地域歧视
3064,地域歧视
3065,地域歧视
3066,地域歧视
3067,地域歧视
3068,地域歧视
3069,地域歧视
3070,地域歧视
3071,地域歧视
3072,地域歧视
3073,地域歧视
3074,地域歧视
3075,地域歧视
3076,地域歧视
3077,地域歧视
3078,地域歧视
3079,地域歧视
3080,地域歧视
3081,地域歧视
3082,地域歧视
3083,地域歧视
3084,地域歧视
3085,地域歧视
3086,地域歧视
3087,地域歧视
3088,地域歧视
3089,地域歧视
3090,地域歧视
3091,地域歧视
3092,地域歧视
3093,地域歧视
3094,地域歧视
3095,地域歧视
3096,地域歧视
3097,地域歧视
3098,地域歧视
3099,地域歧视
3100,地域歧视
3101,地域歧视
3102,地域歧视
3103,地域歧视
3104,地域歧视
3105,地域歧视
3106,地域歧视
3107,地域歧视
3108,地域歧视
3109,地域歧视
3110,地域歧视
3111,地域歧视
3112,地域歧视
3113,地域歧视
3114,地域歧视
3115,地域歧视
3116,地域歧视
3117,地域歧视
3118,地域歧视
3119,地域歧视
3120,地域歧视
3121,地域歧视
3122,地域歧视
3123,地域歧视
3124,地域歧视
3125,地域歧视
3126,地域歧视
3127,地域歧视
3128,地域歧视
3129,地域歧视
3130,地域歧视
3131,地域歧视
3132,地域歧视
3133,地域歧视
3134,地域歧视
3135,地域歧视
3136,地域歧视
3137,地域歧视
3138,地域歧视
3139,地域歧视
3140,地域歧视
3141,地域歧视
3142,地域歧视
3143,地域歧视
3144,地域歧视
3145,地域歧视
3146,地域歧视
3147,地域歧视
3148,地域歧视
3149,地域歧视
3150,地域歧视
3151,地域歧视
3152,地域歧视
3153,地域歧视
3154,地域歧视
3155,地域歧视
3156,地域歧视
3157,地域歧视
3158,地域歧视
3159,地域歧视
3160,地域歧视
3161,地域歧视
3162,地域歧视
3163,地域歧视
3164,地域歧视
3165,地域歧视
3166,地域歧视
3167,地域歧视
3168,地域歧视
3169,地域歧视
3170,地域歧视
3171,地域歧视
3172,地域歧视
3173,地域歧视
3174,地域歧视
3175,地域歧视
3176,地域歧视
3177,地域歧视
3178,地域歧视
3179,地域歧视
3180,地域歧视
3181,地域歧视
3182,地域歧视
3183,地域歧视
3184,地域歧视
3185,地域歧视
3186,地域歧视
3187,地域歧视
3188,地域歧视
3189,地域歧视
3190,地域歧视
3191,地域歧视
3192,地域歧视
3193,地域歧视
3194,地域歧视
3195,地域歧视
3196,地域歧视
3197,地域歧视
3198,地域歧视
3199,地域歧视
3200,地域歧视
3201,地域歧视
3202,地域歧视
3203,地域歧视
3204,地域歧视
3205,地域歧视
3206,地域歧视
3207,地域歧视
3208,地域歧视
3209,地域歧视
3210,地域歧视
3211,地域歧视
3212,地域歧视
3213,地域歧视
3214,地域歧视
3215,地域歧视
3216,地域歧视
3217,地域歧视
3218,地域歧视
3219,地域歧视
3220,地域歧视
3221,地域歧视
3222,地域歧视
3223,地域歧视
3224,地域歧视
3225,地域歧视
3226,地域歧视
3227,地域歧视
3228,地域歧视
3229,地域歧视
3230,地域歧视
3231,地域歧视
3232,地域歧视
3233,地域歧视
3234,地域歧视
3235,地域歧视
3236,地域歧视
3237,地域歧视
3238,地域歧视
3239,地域歧视
3240,地域歧视
3241,地域歧视
3242,地域歧视
3243,地域歧视
3244,地域歧视
3245,地域歧视
3246,地域歧视
3247,地域歧视
3248,地域歧视
3249,地域歧视
3250,地域歧视
3251,地域歧视
3252,地域歧视
3253,地域歧视
3254,地域歧视
3255,地域歧视
3256,地域歧视
3257,地域歧视
3258,地域歧视
3259,地域歧视
3260,地域歧视
3261,地域歧视
3262,地域歧视
3263,地域歧视
3264,地域歧视
3265,地域歧视
3266,地域歧视
3267,地域歧视
3268,地域歧视
3269,地域歧视
3270,地域歧视
3271,地域歧视
3272,地域歧视
3273,地域歧视
3274,地域歧视
3275,地域歧视
3276,地域歧视
3277,地域歧视
3278,地域歧视
3279,地域歧视
3280,地域歧视
3281,地域歧视
3282,地域歧视
3283,地域歧视
3284,地域歧视
3285,地域歧视
3286,地域歧视
3287,地域歧视
3288,地域歧视
3289,地域歧视
3290,地域歧视
3291,地域歧视
3292,地域歧视
3293,地域歧视
3294,地域歧视
3295,地域歧视
3296,地域歧视
3297,地域歧视
3298,地域歧视
3299,地域歧视
3300,地域歧视
3301,地域歧视
3302,地域歧视
3303,地域歧视
3304,地域歧视
3305,地域歧视
3306,地域歧视
3307,地域歧视
3308,地域歧视
3309,地域歧视
3310,地域歧视
3311,地域歧视
3312,地域歧视
3313,地域歧视
3314,地域歧视
3315,地域歧视
3316,地域歧视
3317,地域歧视
3318,地域歧视
3319,地域歧视
3320,地域歧视
3321,地域歧视
3322,地域歧视
3323,地域歧视
3324,地域歧视
3325,地域歧视
3326,地域歧视
3327,地域歧视
3328,地域歧视
3329,地域歧视
3330,地域歧视
3331,地域歧视
3332,地域歧视
3333,地域歧视
3334,地域歧视
3335,地域歧视
3336,地域歧视
3337,地域歧视
3338,地域歧视
3339,地域歧视
3340,地域歧视
3341,地域歧视
3342,地域歧视
3343,地域歧视
3344,地域歧视
3345,地域歧视
3346,地域歧视
3347,地域歧视
3348,地域歧视
3349,地域歧视
3350,地域歧视
3351,地域歧视
3352,地域歧视
3353,地域歧视
3354,地域歧视
3355,地域歧视
3356,地域歧视
3357,地域歧视
3358,地域歧视
3359,地域歧视
3360,地域歧视
3361,地域歧视
3362,地域歧视
3363,地域歧视
3364,地域歧视
3365,地域歧视
3366,地域歧视
3367,地域歧视
3368,地域歧视
3369,地域歧视
3370,地域歧视
3371,地域歧视
3372,地域歧视
3373,地域歧视
3374,地域歧视
3375,地域歧视
3376,地域歧视
3377,地域歧视
3378,地域歧视
3379,地域歧视
3380,地域歧视
3381,地域歧视
3382,地域歧视
3383,地域歧视
3384,地域歧视
3385,地域歧视
3386,地域歧视
3387,地域歧视
3388,地域歧视
3389,地域歧视
3390,地域歧视
3391,地域歧视
3392,地域歧视
3393,地域歧视
3394,地域歧视
3395,地域歧视
3396,地域歧视
3397,地域歧视
3398,地域歧视
3399,地域歧视
3400,地域歧视
3401,地域歧视
3402,地域歧视
3403,地域歧视
3404,地域歧视
3405,地域歧视
3406,地域歧视
3407,地域歧视
3408,地域歧视
3409,地域歧视
3410,地域歧视
3411,地域歧视
3412,地域歧视
3413,地域歧视
3414,地域歧视
3415,地域歧视
3416,地域歧视
3417,地域歧视
3418,地域歧视
3419,地域歧视
3420,地域歧视
3421,地域歧视
3422,地域歧视
3423,地域歧视
3424,地域歧视
3425,地域歧视
3426,地域歧视
3427,地域歧视
3428,地域歧视
3429,地域歧视
3430,地域歧视
3431,地域歧视
3432,地域歧视
3433,地域歧视
3434,地域歧视
3435,地域歧视
3436,地域歧视
3437,地域歧视
3438,地域歧视
3439,地域歧视
3440,地域歧视
3441,地域歧视
3442,地域歧视
3443,地域歧视
3444,地域歧视
3445,地域歧视
3446,地域歧视
3447,地域歧视
3448,地域歧视
3449,地域歧视
3450,地域歧视
3451,地域歧视
3452,地域歧视
3453,地域歧视
3454,地域歧视
3455,地域歧视
3456,地域歧视
3457,地域歧视
3458,地域歧视
3459,地域歧视
3460,地域歧视
3461,地域歧视
3462,地域歧视
3463,地域歧视
3464,地域歧视
3465,地域歧视
3466,地域歧视
3467,地域歧视
3468,地域歧视
3469,地域歧视
3470,地域歧视
3471,地域歧视
3472,地域歧视
3473,地域歧视
3474,地域歧视
3475,地域歧视
3476,地域歧视
3477,地域歧视
3478,地域歧视
3479,地域歧视
3480,地域歧视
3481,地域歧视
3482,地域歧视
3483,地域歧视
3484,地域歧视
3485,地域歧视
3486,地域歧视
3487,地域歧视
3488,地域歧视
3489,地域歧视
3490,地域歧视
3491,地域歧视
3492,地域歧视
3493,地域歧视
3494,地域歧视
3495,地域歧视
3496,地域歧视
3497,地域歧视
3498,地域歧视
3499,地域歧视
3500,地域歧视
3501,地域歧视
3502,地域歧视
3503,地域歧视
3504,地域歧视
3505,地域歧视
3506,地域歧视
3507,地域歧视
3508,地域歧视
3509,地域歧视
3510,地域歧视
3511,地域歧视
3512,地域歧视
3513,地域歧视
3514,地域歧视
3515,地域歧视
3516,地域歧视
3517,地域歧视
3518,地域歧视
3519,地域歧视
3520,地域歧视
3521,地域歧视
3522,地域歧视
3523,地域歧视
3524,地域歧视
3525,地域歧视
3526,地域歧视
3527,地域歧视
3528,地域歧视
3529,地域歧视
3530,地域歧视
3531,地域歧视
3532,地域歧视
3533,地域歧视
3534,地域歧视
3535,地域歧视
3536,地域歧视
3537,地域歧视
3538,地域歧视
3539,地域歧视
3540,地域歧视
3541,地域歧视
3542,地域歧视
3543,地域歧视
3544,地域歧视
3545,地域歧视
3546,地域歧视
3547,地域歧视
3548,地域歧视
3549,地域歧视
3550,地域歧视
3551,地域歧视
3552,地域歧视
3553,地域歧视
3554,地域歧视
3555,地域歧视
3556,地域歧视
3557,地域歧视
3558,地域歧视
3559,地域歧视
3560,地域歧视
3561,地域歧视
3562,地域歧视
3563,地域歧视
3564,地域歧视
3565,地域歧视
3566,地域歧视
3567,地域歧视
3568,地域歧视
3569,地域歧视
3570,地域歧视
3571,地域歧视
3572,地域歧视
3573,地域歧视
3574,地域歧视
3575,地域歧视
3576,地域歧视
3577,地域歧视
3578,地域歧视
3579,地域歧视
3580,地域歧视
3581,地域歧视
3582,地域歧视
3583,地域歧视
3584,地域歧视
3585,地域歧视
3586,地域歧视
3587,地域歧视
3588,地域歧视
3589,地域歧视
3590,地域歧视
3591,地域歧视
3592,地域歧视
3593,地域歧视
3594,地域歧视
3595,地域歧视
3596,地域歧视
3597,地域歧视
3598,地域歧视
3599,地域歧视
3600,地域歧视
3601,地域歧视
3602,地域歧视
3603,地域歧视
3604,地域歧视
3605,地域歧视
3606,地域歧视
3607,地域歧视
3608,地域歧视
3609,地域歧视
3610,地域歧视
3611,地域歧视
3612,地域歧视
3613,地域歧视
3614,地域歧视
3615,地域歧视
3616,地域歧视
3617,地域歧视
3618,地域歧视
3619,地域歧视
3620,地域歧视
3621,地域歧视
3622,地域歧视
3623,地域歧视
3624,地域歧视
3625,地域歧视
3626,地域歧视
3627,地域歧视
3628,地域歧视
3629,地域歧视
3630,地域歧视
3631,地域歧视
3632,地域歧视
3633,地域歧视
3634,地域歧视
3635,地域歧视
3636,地域歧视
3637,地域歧视
3638,地域歧视
3639,地域歧视
3640,地域歧视
3641,地域歧视
3642,地域歧视
3643,地域歧视
3644,地域歧视
3645,地域歧视
3646,地域歧视
3647,地域歧视
3648,地域歧视
3649,地域歧视
3650,地域歧视
3651,地域歧视
3652,地域歧视
3653,地域歧视
3654,地域歧视
3655,地域歧视
3656,地域歧视
3657,地域歧视
3658,地域歧视
3659,地域歧视
3660,地域歧视
3661,地域歧视
3662,地域歧视
3663,地域歧视
3664,地域歧视
3665,地域歧视
3666,地域歧视
3667,地域歧视
3668,地域歧视
3669,地域歧视
3670,地域歧视
3671,地域歧视
3672,地域歧视
3673,地域歧视
3674,地域歧视
3675,地域歧视
3676,地域歧视
3677,地域歧视
3678,地域歧视
3679,地域歧视
3680,地域歧视
3681,地域歧视
3682,地域歧视
3683,地域歧视
3684,地域歧视
3685,地域歧视
3686,地域歧视
3687,地域歧视
3688,地域歧视
3689,地域歧视
3690,地域歧视
3691,地域歧视
3692,地域歧视
3693,地域歧视
3694,地域歧视
3695,地域歧视
3696,地域歧视
3697,地域歧视
3698,地域歧视
3699,地域歧视
3700,地域歧视
3701,地域歧视
3702,地域歧视
3703,地域歧视
3704,地域歧视
3705,地域歧视
3706,地域歧视
3707,地域歧视
3708,地域歧视
3709,地域歧视
3710,地域歧视
3711,地域歧视
3712,地域歧视
3713,地域歧视
3714,地域歧视
3715,地域歧视
3716,地域歧视
3717,地域歧视
3718,地域歧视
3719,地域歧视
3720,地域歧视
3721,地域歧视
3722,地域歧视
3723,地域歧视
3724,地域歧视
3725,地域歧视
3726,地域歧视
3727,地域歧视
3728,地域歧视
3729,地域歧视
3730,地域歧视
3731,地域歧视
3732,地域歧视
3733,地域歧视
3734,地域歧视
3735,地域歧视
3736,地域歧视
3737,地域歧视
3738,地域歧视
3739,地域歧视
3740,地域歧视
3741,地域歧视
3742,地域歧视
3743,地域歧视
3744,地域歧视
3745,地域歧视
3746,地域歧视
3747,地域歧视
3748,地域歧视
3749,地域歧视
3750,地域歧视
3751,地域歧视
3752,地域歧视
3753,地域歧视
3754,地域歧视
3755,地域歧视
3756,地域歧视
3757,地域歧视
3758,地域歧视
3759,地域歧视
3760,地域歧视
3761,地域歧视
3762,地域歧视
3763,地域歧视
3764,地域歧视
3765,地域歧视
3766,地域歧视
3767,地域歧视
3768,地域歧视
3769,地域歧视
3770,地域歧视
3771,地域歧视
3772,地域歧视
3773,地域歧视
3774,地域歧视
3775,地域歧视
3776,地域歧视
3777,地域歧视
3778,地域歧视
3779,地域歧视
3780,地域歧视
3781,地域歧视
3782,地域歧视
3783,地域歧视
3784,地域歧视
3785,地域歧视
3786,地域歧视
3787,地域歧视
3788,地域歧视
3789,地域歧视
3790,地域歧视
3791,地域歧视
3792,地域歧视
3793,地域歧视
3794,地域歧视
3795,地域歧视
3796,地域歧视
3797,地域歧视
3798,地域歧视
3799,地域歧视
3800,地域歧视
3801,地域歧视
3802,地域歧视
3803,地域歧视
3804,地域歧视
3805,地域歧视
3806,地域歧视
3807,地域歧视
3808,地域歧视
3809,地域歧视
3810,地域歧视
3811,地域歧视
3812,地域歧视
3813,地域歧视
3814,地域歧视
3815,地域歧视
3816,地域歧视
3817,地域歧视
3818,地域歧视
3819,地域歧视
3820,地域歧视
3821,地域歧视
3822,地域歧视
3823,地域歧视
3824,地域歧视
3825,地域歧视
3826,地域歧视
3827,地域歧视
3828,地域歧视
3829,地域歧视
3830,地域歧视
3831,地域歧视
3832,地域歧视
3833,地域歧视
3834,地域歧视
3835,地域歧视
3836,地域歧视
3837,地域歧视
3838,地域歧视
3839,地域歧视
3840,地域歧视
3841,地域歧视
3842,地域歧视
3843,地域歧视
3844,地域歧视
3845,地域歧视
3846,地域歧视
3847,地域歧视
3848,地域歧视
3849,地域歧视
3850,地域歧视
3851,地域歧视
3852,地域歧视
3853,地域歧视
3854,地域歧视
3855,地域歧视
3856,地域歧视
3857,地域歧视
3858,地域歧视
3859,地域歧视
3860,地域歧视
3861,地域歧视
3862,地域歧视
3863,地域歧视
3864,地域歧视
3865,地域歧视
3866,地域歧视
3867,地域歧视
3868,地域歧视
3869,地域歧视
3870,地域歧视
3871,地域歧视
3872,地域歧视
3873,地域歧视
3874,地域歧视
3875,地域歧视
3876,地域歧视
3877,地域歧视
3878,地域歧视
3879,地域歧视
3880,地域歧视
3881,地域歧视
3882,地域歧视
3883,地域歧视
3884,地域歧视
3885,地域歧视
3886,地域歧视
3887,地域歧视
3888,地域歧视
3889,地域歧视
3890,地域歧视
3891,地域歧视
3892,地域歧视
3893,地域歧视
3894,地域歧视
3895,地域歧视
3896,地域歧视
3897,地域歧视
3898,地域歧视
3899,地域歧视
3900,地域歧视
3901,地域歧视
3902,地域歧视
3903,地域歧视
3904,地域歧视
3905,地域歧视
3906,地域歧视
3907,地域歧视
3908,地域歧视
3909,地域歧视
3910,地域歧视
3911,地域歧视
3912,地域歧视
3913,地域歧视
3914,地域歧视
3915,地域歧视
3916,地域歧视
3917,地域歧视
3918,地域歧视
3919,地域歧视
3920,地域歧视
3921,地域歧视
3922,地域歧视
3923,地域歧视
3924,地域歧视
3925,地域歧视
3926,地域歧视
3927,地域歧视
3928,地域歧视
3929,地域歧视
3930,地域歧视
3931,地域歧视
3932,地域歧视
3933,地域歧视
3934,地域歧视
3935,地域歧视
3936,地域歧视
3937,地域歧视
3938,地域歧视
3939,地域歧视
3940,地域歧视
3941,地域歧视
3942,地域歧视
3943,地域歧视
3944,地域歧视
3945,地域歧视
3946,地域歧视
3947,地域歧视
3948,地域歧视
3949,地域歧视
3950,地域歧视
3951,地域歧视
3952,地域歧视
3953,地域歧视
3954,地域歧视
3955,地域歧视
3956,地域歧视
3957,地域歧视
3958,地域歧视
3959,地域歧视
3960,地域歧视
3961,地域歧视
3962,地域歧视
3963,地域歧视
3964,地域歧视
3965,地域歧视
3966,地域歧视
3967,地域歧视
3968,地域歧视
3969,地域歧视
3970,地域歧视
3971,地域歧视
3972,地域歧视
3973,地域歧视
3974,地域歧视
3975,地域歧视
3976,地域歧视
3977,地域歧视
3978,地域歧视
3979,地域歧视
3980,地域歧视
3981,地域歧视
3982,地域歧视
3983,地域歧视
3984,地域歧视
3985,地域歧视
3986,地域歧视
3987,地域歧视
3988,地域歧视
3989,地域歧视
3990,地域歧视
3991,地域歧视
3992,地域歧视
3993,地域歧视
3994,地域歧视
3995,地域歧视
3996,地域歧视
3997,地域歧视
3998,地域歧视
3999,地域歧视
4000,地域歧视
4001,地域歧视
4002,地域歧视
4003,地域歧视
4004,地域歧视
4005,地域歧视
4006,地域歧视
4007,地域歧视
4008,地域歧视
4009,地域歧视
4010,地域歧视
4011,地域歧视
4012,地域歧视
4013,地域歧视
4014,地域歧视
4015,地域歧视
4016,地域歧视
4017,地域歧视
4018,地域歧视
4019,地域歧视
4020,地域歧视
4021,地域歧视
4022,地域歧视
4023,地域歧视
4024,地域歧视
4025,地域歧视
4026,地域歧视
4027,地域歧视
4028,地域歧视
4029,地域歧视
4030,地域歧视
4031,地域歧视
4032,地域歧视
4033,地域歧视
4034,地域歧视
4035,地域歧视
4036,地域歧视
4037,地域歧视
4038,地域歧视
4039,地域歧视
4040,地域歧视
4041,地域歧视
4042,地域歧视
4043,地域歧视
4044,地域歧视
4045,地域歧视
4046,地域歧视
4047,地域歧视
4048,地域歧视
4049,地域歧视
4050,地域歧视
4051,地域歧视
4052,地域歧视
4053,地域歧视
4054,地域歧视
4055,地域歧视
4056,地域歧视
4057,地域歧视
4058,地域歧视
4059,地域歧视
4060,地域歧视
4061,地域歧视
4062,地域歧视
4063,地域歧视
4064,地域歧视
4065,地域歧视
4066,地域歧视
4067,地域歧视
4068,地域歧视
4069,地域歧视
4070,地域歧视
4071,地域歧视
4072,地域歧视
4073,地域歧视
4074,地域歧视
4075,地域歧视
4076,地域歧视
4077,地域歧视
4078,地域歧视
4079,地域歧视
4080,地域歧视
4081,地域歧视
4082,地域歧视
4083,地域歧视
4084,地域歧视
4085,地域歧视
4086,地域歧视
4087,地域歧视
4088,地域歧视
4089,地域歧视
4090,地域歧视
4091,地域歧视
4092,地域歧视
4093,地域歧视
4094,地域歧视
4095,地域歧视
4096,地域歧视
4097,地域歧视
4098,地域歧视
4099,地域歧视
4100,地域歧视
4101,地域歧视
4102,地域歧视
4103,地域歧视
4104,地域歧视
4105,地域歧视
4106,地域歧视
4107,地域歧视
4108,地域歧视
4109,地域歧视
4110,地域歧视
4111,地域歧视
4112,地域歧视
4113,地域歧视
4114,地域歧视
4115,地域歧视
4116,地域歧视
4117,地域歧视
4118,地域歧视
4119,地域歧视
4120,地域歧视
4121,地域歧视
4122,地域歧视
4123,地域歧视
4124,地域歧视
4125,地域歧视
4126,地域歧视
4127,地域歧视
4128,地域歧视
4129,地域歧视
4130,地域歧视
4131,地域歧视
4132,地域歧视
4133,地域歧视
4134,地域歧视
4135,地域歧视
4136,地域歧视
4137,地域歧视
4138,地域歧视
4139,地域歧视
4140,地域歧视
4141,地域歧视
4142,地域歧视
4143,地域歧视
4144,地域歧视
4145,地域歧视
4146,地域歧视
4147,地域歧视
4148,地域歧视
4149,地域歧视
4150,地域歧视
4151,地域歧视
4152,地域歧视
4153,地域歧视
4154,地域歧视
4155,地域歧视
4156,地域歧视
4157,地域歧视
4158,地域歧视
4159,地域歧视
4160,地域歧视
4161,地域歧视
4162,地域歧视
4163,地域歧视
4164,地域歧视
4165,地域歧视
4166,地域歧视
4167,地域歧视
4168,地域歧视
4169,地域歧视
4170,地域歧视
4171,地域歧视
4172,地域歧视
4173,地域歧视
4174,地域歧视
4175,地域歧视
4176,地域歧视
4177,地域歧视
4178,地域歧视
4179,地域歧视
4180,地域歧视
4181,地域歧视
4182,地域歧视
4183,地域歧视
4184,地域歧视
4185,地域歧视
4186,地域歧视
4187,地域歧视
4188,地域歧视
4189,地域歧视
4190,地域歧视
4191,地域歧视
4192,地域歧视
4193,地域歧视
4194,地域歧视
4195,地域歧视
4196,地域歧视
4197,地域歧视
4198,地域歧视
4199,地域歧视
4200,地域歧视
4201,地域歧视
4202,地域歧视
4203,地域歧视
4204,地域歧视
4205,地域歧视
4206,地域歧视
4207,地域歧视
4208,地域歧视
4209,地域歧视
4210,地域歧视
4211,地域歧视
4212,地域歧视
4213,地域歧视
4214,地域歧视
4215,地域歧视
4216,地域歧视
4217,地域歧视
4218,地域歧视
4219,地域歧视
4220,地域歧视
4221,地域歧视
4222,地域歧视
4223,地域歧视
4224,地域歧视
4225,地域歧视
4226,地域歧视
4227,地域歧视
4228,地域歧视
4229,地域歧视
4230,地域歧视
4231,地域歧视
4232,地域歧视
4233,地域歧视
4234,地域歧视
4235,地域歧视
4236,地域歧视
4237,地域歧视
4238,地域歧视
4239,地域歧视
4240,地域歧视
4241,地域歧视
4242,地域歧视
4243,地域歧视
4244,地域歧视
4245,地域歧视
4246,地域歧视
4247,地域歧视
4248,地域歧视
4249,地域歧视
4250,地域歧视
4251,地域歧视
4252,地域歧视
4253,地域歧视
4254,地域歧视
4255,地域歧视
4256,地域歧视
4257,地域歧视
4258,地域歧视
4259,地域歧视
4260,地域歧视
4261,地域歧视
4262,地域歧视
4263,地域歧视
4264,地域歧视
4265,地域歧视
4266,地域歧视
4267,地域歧视
4268,地域歧视
4269,地域歧视
4270,地域歧视
4271,地域歧视
4272,地域歧视
4273,地域歧视
4274,地域歧视
4275,地域歧视
4276,地域歧视
4277,地域歧视
4278,地域歧视
4279,地域歧视
4280,地域歧视
4281,地域歧视
4282,地域歧视
4283,地域歧视
4284,地域歧视
4285,地域歧视
4286,地域歧视
4287,地域歧视
4288,地域歧视
4289,地域歧视
4290,地域歧视
4291,地域歧视
4292,地域歧视
4293,地域歧视
4294,地域歧视
4295,地域歧视
4296,地域歧视
4297,地域歧视
4298,地域歧视
4299,地域歧视
4300,地域歧视
4301,地域歧视
4302,地域歧视
4303,地域歧视
4304,地域歧视
4305,地域歧视
4306,地域歧视
4307,地域歧视
4308,地域歧视
4309,地域歧视
4310,地域歧视
4311,地域歧视
4312,地域歧视
4313,地域歧视
4314,地域歧视
4315,地域歧视
4316,地域歧视
4317,地域歧视
4318,地域歧视
4319,地域歧视
4320,地域歧视
4321,地域歧视
4322,地域歧视
4323,地域歧视
4324,地域歧视
4325,地域歧视
4326,地域歧视
4327,地域歧视
4328,地域歧视
4329,地域歧视
4330,地域歧视
4331,地域歧视
4332,地域歧视
4333,地域歧视
4334,地域歧视
4335,地域歧视
4336,地域歧视
4337,地域歧视
4338,地域歧视
4339,地域歧视
4340,地域歧视
4341,地域歧视
4342,地域歧视
4343,地域歧视
4344,地域歧视
4345,地域歧视
4346,地域歧视
4347,地域歧视
4348,地域歧视
4349,地域歧视
4350,地域歧视
4351,地域歧视
4352,地域歧视
4353,地域歧视
4354,地域歧视
4355,地域歧视
4356,地域歧视
4357,地域歧视
4358,地域歧视
4359,地域歧视
4360,地域歧视
4361,地域歧视
4362,地域歧视
4363,地域歧视
4364,地域歧视
4365,地域歧视
4366,地域歧视
4367,地域歧视
4368,地域歧视
4369,地域歧视
4370,地域歧视
4371,地域歧视
4372,地域歧视
4373,地域歧视
4374,地域歧视
4375,地域歧视
4376,地域歧视
4377,地域歧视
4378,地域歧视
4379,地域歧视
4380,地域歧视
4381,地域歧视
4382,地域歧视
4383,地域歧视
4384,地域歧视
4385,地域歧视
4386,地域歧视
4387,地域歧视
4388,地域歧视
4389,地域歧视
4390,地域歧视
4391,地域歧视
4392,地域歧视
4393,地域歧视
4394,地域歧视
4395,地域歧视
4396,地域歧视
4397,地域歧视
4398,地域歧视
4399,地域歧视
4400,地域歧视
4401,地域歧视
4402,地域歧视
4403,地域歧视
4404,地域歧视
4405,地域歧视
4406,地域歧视
4407,地域歧视
4408,地域歧视
4409,地域歧视
4410,地域歧视
4411,地域歧视
4412,地域歧视
4413,地域歧视
4414,地域歧视
4415,地域歧视
4416,地域歧视
4417,地域歧视
4418,地域歧视
4419,地域歧视
4420,地域歧视
4421,地域歧视
4422,地域歧视
4423,地域歧视
4424,地域歧视
4425,地域歧视
4426,地域歧视
4427,地域歧视
4428,地域歧视
4429,地域歧视
4430,地域歧视
4431,地域歧视
4432,地域歧视
4433,地域歧视
4434,地域歧视
4435,地域歧视
4436,地域歧视
4437,地域歧视
4438,地域歧视
4439,地域歧视
4440,地域歧视
4441,地域歧视
4442,地域歧视
4443,地域歧视
4444,地域歧视
4445,地域歧视
4446,地域歧视
4447,地域歧视
4448,地域歧视
4449,地域歧视
4450,地域歧视
4451,地域歧视
4452,地域歧视
4453,地域歧视
4454,地域歧视
4455,地域歧视
4456,地域歧视
4457,地域歧视
4458,地域歧视
4459,地域歧视
4460,地域歧视
4461,地域歧视
4462,地域歧视
4463,地域歧视
4464,地域歧视
4465,地域歧视
4466,地域歧视
4467,地域歧视
4468,地域歧视
4469,地域歧视
4470,地域歧视
4471,地域歧视
4472,地域歧视
4473,地域歧视
4474,地域歧视
4475,地域歧视
4476,地域歧视
4477,地域歧视
4478,地域歧视
4479,地域歧视
4480,地域歧视
4481,地域歧视
4482,地域歧视
4483,地域歧视
4484,地域歧视
4485,地域歧视
4486,地域歧视
4487,地域歧视
4488,地域歧视
4489,地域歧视
4490,地域歧视
4491,地域歧视
4492,地域歧视
4493,地域歧视
4494,地域歧视
4495,地域歧视
4496,地域歧视
4497,地域歧视
4498,地域歧视
4499,地域歧视
4500,地域歧视
4501,地域歧视
4502,地域歧视
4503,地域歧视
4504,地域歧视
4505,地域歧视
4506,地域歧视
4507,地域歧视
4508,地域歧视
4509,地域歧视
4510,地域歧视
4511,地域歧视
4512,地域歧视
4513,地域歧视
4514,地域歧视
4515,地域歧视
4516,地域歧视
4517,地域歧视
4518,地域歧视
4519,地域歧视
4520,地域歧视
4521,地域歧视
4522,地域歧视
4523,地域歧视
4524,地域歧视
4525,地域歧视
4526,地域歧视
4527,地域歧视
4528,地域歧视
4529,地域歧视
4530,地域歧视
4531,地域歧视
4532,地域歧视
4533,地域歧视
4534,地域歧视
4535,地域歧视
4536,地域歧视
4537,地域歧视
4538,地域歧视
4539,地域歧视
4540,地域歧视
4541,地域歧视
4542,地域歧视
4543,地域歧视
4544,地域歧视
4545,地域歧视
4546,地域歧视
4547,地域歧视
4548,地域歧视
4549,地域歧视
4550,地域歧视
4551,地域歧视
4552,地域歧视
4553,地域歧视
4554,地域歧视
4555,地域歧视
4556,地域歧视
4557,地域歧视
4558,地域歧视
4559,地域歧视
4560,地域歧视
4561,地域歧视
4562,地域歧视
4563,地域歧视
4564,地域歧视
4565,地域歧视
4566,地域歧视
4567,地域歧视
4568,地域歧视
4569,地域歧视
4570,地域歧视
4571,地域歧视
4572,地域歧视
4573,地域歧视
4574,地域歧视
4575,地域歧视
4576,地域歧视
4577,地域歧视
4578,地域歧视
4579,地域歧视
4580,地域歧视
4581,地域歧视
4582,地域歧视
4583,地域歧视
4584,地域歧视
4585,地域歧视
4586,地域歧视
4587,地域歧视
4588,地域歧视
4589,地域歧视
4590,地域歧视
4591,地域歧视
4592,地域歧视
4593,地域歧视
4594,地域歧视
4595,地域歧视
4596,地域歧视
4597,地域歧视
4598,地域歧视
4599,地域歧视
4600,地域歧视
4601,地域歧视
4602,地域歧视
4603,地域歧视
4604,地域歧视
4605,地域歧视
4606,地域歧视
4607,地域歧视
4608,地域歧视
4609,地域歧视
4610,地域歧视
4611,地域歧视
4612,地域歧视
4613,地域歧视
4614,地域歧视
4615,地域歧视
4616,地域歧视
4617,地域歧视
4618,地域歧视
4619,地域歧视
4620,地域歧视
4621,地域歧视
4622,地域歧视
4623,地域歧视
4624,地域歧视
4625,地域歧视
4626,地域歧视
4627,地域歧视
4628,地域歧视
4629,地域歧视
4630,地域歧视
4631,地域歧视
4632,地域歧视
4633,地域歧视
4634,地域歧视
4635,地域歧视
4636,地域歧视
4637,地域歧视
4638,地域歧视
4639,地域歧视
4640,地域歧视
4641,地域歧视
4642,地域歧视
4643,地域歧视
4644,地域歧视
4645,地域歧视
4646,地域歧视
4647,地域歧视
4648,地域歧视
4649,地域歧视
4650,地域歧视
4651,地域歧视
4652,地域歧视
4653,地域歧视
4654,地域歧视
4655,地域歧视
4656,地域歧视
4657,地域歧视
4658,地域歧视
4659,地域歧视
4660,地域歧视
4661,地域歧视
4662,地域歧视
4663,地域歧视
4664,地域歧视
4665,地域歧视
4666,地域歧视
4667,地域歧视
4668,地域歧视
4669,地域歧视
4670,地域歧视
4671,地域歧视
4672,地域歧视
4673,地域歧视
4674,地域歧视
4675,地域歧视
4676,地域歧视
4677,地域歧视
4678,地域歧视
4679,地域歧视
4680,地域歧视
4681,地域歧视
4682,地域歧视
4683,地域歧视
4684,地域歧视
4685,地域歧视
4686,地域歧视
4687,地域歧视
4688,地域歧视
4689,地域歧视
4690,地域歧视
4691,地域歧视
4692,地域歧视
4693,地域歧视
4694,地域歧视
4695,地域歧视
4696,地域歧视
4697,地域歧视
4698,地域歧视
4699,地域歧视
4700,地域歧视
4701,地域歧视
4702,地域歧视
4703,地域歧视
4704,地域歧视
4705,地域歧视
4706,地域歧视
4707,地域歧视
4708,地域歧视
4709,地域歧视
4710,地域歧视
4711,地域歧视
4712,地域歧视
4713,地域歧视
4714,地域歧视
4715,地域歧视
4716,地域歧视
4717,地域歧视
4718,地域歧视
4719,地域歧视
4720,地域歧视
4721,地域歧视
4722,地域歧视
4723,地域歧视
4724,地域歧视
4725,地域歧视
4726,地域歧视
4727,地域歧视
4728,地域歧视
4729,地域歧视
4730,地域歧视
4731,地域歧视
4732,地域歧视
4733,地域歧视
4734,地域歧视
4735,地域歧视
4736,地域歧视
4737,地域歧视
4738,地域歧视
4739,地域歧视
4740,地域歧视
4741,地域歧视
4742,地域歧视
4743,地域歧视
4744,地域歧视
4745,地域歧视
4746,地域歧视
4747,地域歧视
4748,地域歧视
4749,地域歧视
4750,地域歧视
4751,地域歧视
4752,地域歧视
4753,地域歧视
4754,地域歧视
4755,地域歧视
4756,地域歧视
4757,地域歧视
4758,地域歧视
4759,地域歧视
4760,地域歧视
4761,地域歧视
4762,地域歧视
4763,地域歧视
4764,地域歧视
4765,地域歧视
4766,地域歧视
4767,地域歧视
4768,地域歧视
4769,地域歧视
4770,地域歧视
4771,地域歧视
4772,地域歧视
4773,地域歧视
4774,地域歧视
4775,地域歧视
4776,地域歧视
4777,地域歧视
4778,地域歧视
4779,地域歧视
4780,地域歧视
4781,地域歧视
4782,地域歧视
4783,地域歧视
4784,地域歧视
4785,地域歧视
4786,地域歧视
4787,地域歧视
4788,地域歧视
4789,地域歧视
4790,地域歧视
4791,地域歧视
4792,地域歧视
4793,地域歧视
4794,地域歧视
4795,地域歧视
4796,地域歧视
4797,地域歧视
4798,地域歧视
4799,地域歧视
4800,地域歧视
4801,地域歧视
4802,地域歧视
4803,地域歧视
4804,地域歧视
4805,地域歧视
4806,地域歧视
4807,地域歧视
4808,地域歧视
4809,地域歧视
4810,地域歧视
4811,地域歧视
4812,地域歧视
4813,地域歧视
4814,地域歧视
4815,地域歧视
4816,地域歧视
4817,地域歧视
4818,地域歧视
4819,地域歧视
4820,地域歧视
4821,地域歧视
4822,地域歧视
4823,地域歧视
4824,地域歧视
4825,地域歧视
4826,地域歧视
4827,地域歧视
4828,地域歧视
4829,地域歧视
4830,地域歧视
4831,地域歧视
4832,地域歧视
4833,地域歧视
4834,地域歧视
4835,地域歧视
4836,地域歧视
4837,地域歧视
4838,地域歧视
4839,地域歧视
4840,地域歧视
4841,地域歧视
4842,地域歧视
4843,地域歧视
4844,地域歧视
4845,地域歧视
4846,地域歧视
4847,地域歧视
4848,地域歧视
4849,地域歧视
4850,地域歧视
4851,地域歧视
4852,地域歧视
4853,地域歧视
4854,地域歧视
4855,地域歧视
4856,地域歧视
4857,地域歧视
4858,地域歧视
4859,地域歧视
4860,地域歧视
4861,地域歧视
4862,地域歧视
4863,地域歧视
4864,地域歧视
4865,地域歧视
4866,地域歧视
4867,地域歧视
4868,地域歧视
4869,地域歧视
4870,地域歧视
4871,地域歧视
4872,地域歧视
4873,地域歧视
4874,地域歧视
4875,地域歧视
4876,地域歧视
4877,地域歧视
4878,地域歧视
4879,地域歧视
4880,地域歧视
4881,地域歧视
4882,地域歧视
4883,地域歧视
4884,地域歧视
4885,地域歧视
4886,地域歧视
4887,地域歧视
4888,地域歧视
4889,地域歧视
4890,地域歧视
4891,地域歧视
4892,地域歧视
4893,地域歧视
4894,地域歧视
4895,地域歧视
4896,地域歧视
4897,地域歧视
4898,地域歧视
4899,地域歧视
4900,地域歧视
4901,地域歧视
4902,地域歧视
4903,地域歧视
4904,地域歧视
4905,地域歧视
4906,地域歧视
4907,地域歧视
4908,地域歧视
4909,地域歧视
4910,地域歧视
4911,地域歧视
4912,地域歧视
4913,地域歧视
4914,地域歧视
4915,地域歧视
4916,地域歧视
4917,地域歧视
4918,地域歧视
4919,地域歧视
4920,地域歧视
4921,地域歧视
4922,地域歧视
4923,地域歧视
4924,地域歧视
4925,地域歧视
4926,地域歧视
4927,地域歧视
4928,地域歧视
4929,地域歧视
4930,地域歧视
4931,地域歧视
4932,地域歧视
4933,地域歧视
4934,地域歧视
4935,地域歧视
4936,地域歧视
4937,地域歧视
4938,地域歧视
4939,地域歧视
4940,地域歧视
4941,地域歧视
4942,地域歧视
4943,地域歧视
4944,地域歧视
4945,地域歧视
4946,地域歧视
4947,地域歧视
4948,地域歧视
4949,地域歧视
4950,地域歧视
4951,地域歧视
4952,地域歧视
4953,地域歧视
4954,地域歧视
4955,地域歧视
4956,地域歧视
4957,地域歧视
4958,地域歧视
4959,地域歧视
4960,地域歧视
4961,地域歧视
4962,地域歧视
4963,地域歧视
4964,地域歧视
4965,地域歧视
4966,地域歧视
4967,地域歧视
4968,地域歧视
4969,地域歧视
4970,地域歧视
4971,地域歧视
4972,地域歧视
4973,地域歧视
4974,地域歧视
4975,地域歧视
4976,地域歧视
4977,地域歧视
4978,地域歧视
4979,地域歧视
4980,地域歧视
4981,地域歧视
4982,地域歧视
4983,地域歧视
4984,地域歧视
4985,地域歧视
4986,地域歧视
4987,地域歧视
4988,地域歧视
4989,地域歧视
4990,地域歧视
4991,地域歧视
4992,地域歧视
4993,地域歧视
4994,地域歧视
4995,地域歧视
4996,地域歧视
4997,地域歧视
4998,地域歧视
4999,地域歧视
5000,地域歧视
5001,地域歧视
5002,地域歧视
5003,地域歧视
5004,地域歧视
5005,地域歧视
5006,地域歧视
5007,地域歧视
5008,地域歧视
5009,地域歧视
5010,地域歧视
5011,地域歧视
5012,地域歧视
5013,地域歧视
5014,地域歧视
5015,地域歧视
5016,地域歧视
5017,地域歧视
5018,地域歧视
5019,地域歧视
5020,地域歧视
5021,地域歧视
5022,地域歧视
5023,地域歧视
5024,地域歧视
5025,地域歧视
5026,地域歧视
5027,地域歧视
5028,地域歧视
5029,地域歧视
5030,地域歧视
5031,地域歧视
5032,地域歧视
5033,地域歧视
5034,地域歧视
5035,地域歧视
5036,地域歧视
5037,地域歧视
5038,地域歧视
5039,地域歧视
5040,地域歧视
5041,地域歧视
5042,地域歧视
5043,地域歧视
5044,地域歧视
5045,地域歧视
5046,地域歧视
5047,地域歧视
5048,地域歧视
5049,地域歧视
5050,地域歧视
5051,地域歧视
5052,地域歧视
5053,地域歧视
5054,地域歧视
5055,地域歧视
5056,地域歧视
5057,地域歧视
5058,地域歧视
5059,地域歧视
5060,地域歧视
5061,地域歧视
5062,地域歧视
5063,地域歧视
5064,地域歧视
5065,地域歧视
5066,地域歧视
5067,地域歧视
5068,地域歧视
5069,地域歧视
5070,地域歧视
5071,地域歧视
5072,地域歧视
5073,地域歧视
5074,地域歧视
5075,地域歧视
5076,地域歧视
5077,地域歧视
5078,地域歧视
5079,地域歧视
5080,地域歧视
5081,地域歧视
5082,地域歧视
5083,地域歧视
5084,地域歧视
5085,地域歧视
5086,地域歧视
5087,地域歧视
5088,地域歧视
5089,地域歧视
5090,地域歧视
5091,地域歧视
5092,地域歧视
5093,地域歧视
5094,地域歧视
5095,地域歧视
5096,地域歧视
5097,地域歧视
5098,地域歧视
5099,地域歧视
5100,地域歧视
5101,地域歧视
5102,地域歧视
5103,地域歧视
5104,地域歧视
5105,地域歧视
5106,地域歧视
5107,地域歧视
5108,地域歧视
5109,地域歧视
5110,地域歧视
5111,地域歧视
5112,地域歧视
5113,地域歧视
5114,地域歧视
5115,地域歧视
5116,地域歧视
5117,地域歧视
5118,地域歧视
5119,地域歧视
5120,地域歧视
5121,地域歧视
5122,地域歧视
5123,地域歧视
5124,地域歧视
5125,地域歧视
5126,地域歧视
5127,地域歧视
5128,地域歧视
5129,地域歧视
5130,地域歧视
5131,地域歧视
5132,地域歧视
5133,地域歧视
5134,地域歧视
5135,地域歧视
5136,地域歧视
5137,地域歧视
5138,地域歧视
5139,地域歧视
5140,地域歧视
5141,地域歧视
5142,地域歧视
5143,地域歧视
5144,地域歧视
5145,地域歧视
5146,地域歧视
5147,地域歧视
5148,地域歧视
5149,地域歧视
5150,地域歧视
5151,地域歧视
5152,地域歧视
5153,地域歧视
5154,地域歧视
5155,地域歧视
5156,地域歧视
5157,地域歧视
5158,地域歧视
5159,地域歧视
5160,地域歧视
5161,地域歧视
5162,地域歧视
5163,地域歧视
5164,地域歧视
5165,地域歧视
5166,地域歧视
5167,地域歧视
5168,地域歧视
5169,地域歧视
5170,地域歧视
5171,地域歧视
5172,地域歧视
5173,地域歧视
5174,地域歧视
5175,地域歧视
5176,地域歧视
5177,地域歧视
5178,地域歧视
5179,地域歧视
5180,地域歧视
5181,地域歧视
5182,地域歧视
5183,地域歧视
5184,地域歧视
5185,地域歧视
5186,地域歧视
5187,地域歧视
5188,地域歧视
5189,地域歧视
5190,地域歧视
5191,地域歧视
5192,地域歧视
5193,地域歧视
5194,地域歧视
5195,地域歧视
5196,地域歧视
5197,地域歧视
5198,地域歧视
5199,地域歧视
5200,地域歧视
5201,地域歧视
5202,地域歧视
5203,地域歧视
5204,地域歧视
5205,地域歧视
5206,地域歧视
5207,地域歧视
5208,地域歧视
5209,地域歧视
5210,地域歧视
5211,地域歧视
5212,地域歧视
5213,地域歧视
5214,地域歧视
5215,地域歧视
5216,地域歧视
5217,地域歧视
5218,地域歧视
5219,地域歧视
5220,地域歧视
5221,地域歧视
5222,地域歧视
5223,地域歧视
5224,地域歧视
5225,地域歧视
5226,地域歧视
5227,地域歧视
5228,地域歧视
5229,地域歧视
5230,地域歧视
5231,地域歧视
5232,地域歧视
5233,地域歧视
5234,地域歧视
5235,地域歧视
5236,地域歧视
5237,地域歧视
5238,地域歧视
5239,地域歧视
5240,地域歧视
5241,地域歧视
5242,地域歧视
5243,地域歧视
5244,地域歧视
5245,地域歧视
5246,地域歧视
5247,地域歧视
5248,地域歧视
5249,地域歧视
5250,地域歧视
5251,地域歧视
5252,地域歧视
5253,地域歧视
5254,地域歧视
5255,地域歧视
5256,地域歧视
5257,地域歧视
5258,地域歧视
5259,地域歧视
5260,地域歧视
5261,地域歧视
5262,地域歧视
5263,地域歧视
5264,地域歧视
5265,地域歧视
5266,地域歧视
5267,地域歧视
5268,地域歧视
5269,地域歧视
5270,地域歧视
5271,地域歧视
5272,地域歧视
5273,地域歧视
5274,地域歧视
5275,地域歧视
5276,地域歧视
5277,地域歧视
5278,地域歧视
5279,地域歧视
5280,地域歧视
5281,地域歧视
5282,地域歧视
5283,地域歧视
5284,地域歧视
5285,地域歧视
5286,地域歧视
5287,地域歧视
5288,地域歧视
5289,地域歧视
5290,地域歧视
5291,地域歧视
5292,地域歧视
5293,地域歧视
5294,地域歧视
5295,地域歧视
5296,地域歧视
5297,地域歧视
5298,地域歧视
5299,地域歧视
5300,地域歧视
5301,地域歧视
5302,地域歧视
5303,地域歧视
5304,地域歧视
5305,地域歧视
5306,地域歧视
5307,地域歧视
5308,地域歧视
5309,地域歧视
5310,地域歧视
5311,地域歧视
5312,地域歧视
5313,地域歧视
5314,地域歧视
5315,地域歧视
5316,地域歧视
5317,地域歧视
5318,地域歧视
5319,地域歧视
5320,地域歧视
5321,地域歧视
5322,地域歧视
5323,地域歧视
5324,地域歧视
5325,地域歧视
5326,地域歧视
5327,地域歧视
5328,地域歧视
5329,地域歧视
5330,地域歧视
5331,地域歧视
5332,地域歧视
5333,地域歧视
5334,地域歧视
5335,地域歧视
5336,地域歧视
5337,地域歧视
5338,地域歧视
5339,地域歧视
5340,地域歧视
5341,地域歧视
5342,地域歧视
5343,地域歧视
5344,地域歧视
5345,地域歧视
5346,地域歧视
5347,地域歧视
5348,地域歧视
5349,地域歧视
5350,地域歧视
5351,地域歧视
5352,地域歧视
5353,地域歧视
5354,地域歧视
5355,地域歧视
5356,地域歧视
5357,地域歧视
5358,地域歧视
5359,地域歧视
5360,地域歧视
5361,地域歧视
5362,地域歧视
5363,地域歧视
5364,地域歧视
5365,地域歧视
5366,地域歧视
5367,地域歧视
5368,地域歧视
5369,地域歧视
5370,地域歧视
5371,地域歧视
5372,地域歧视
5373,地域歧视
5374,地域歧视
5375,地域歧视
5376,地域歧视
5377,地域歧视
5378,地域歧视
5379,地域歧视
5380,地域歧视
5381,地域歧视
5382,地域歧视
5383,地域歧视
5384,地域歧视
5385,地域歧视
5386,地域歧视
5387,地域歧视
5388,地域歧视
5389,地域歧视
5390,地域歧视
5391,地域歧视
5392,地域歧视
5393,地域歧视
5394,地域歧视
5395,地域歧视
5396,地域歧视
5397,地域歧视
5398,地域歧视
5399,地域歧视
5400,地域歧视
5401,地域歧视
5402,地域歧视
5403,地域歧视
5404,地域歧视
5405,地域歧视
5406,地域歧视
5407,地域歧视
5408,地域歧视
5409,地域歧视
5410,地域歧视
5411,地域歧视
5412,地域歧视
5413,地域歧视
5414,地域歧视
5415,地域歧视
5416,地域歧视
5417,地域歧视
5418,地域歧视
5419,地域歧视
5420,地域歧视
5421,地域歧视
5422,地域歧视
5423,地域歧视
5424,地域歧视
5425,地域歧视
5426,地域歧视
5427,地域歧视
5428,地域歧视
5429,地域歧视
5430,地域歧视
5431,地域歧视
5432,地域歧视
5433,地域歧视
5434,地域歧视
5435,地域歧视
5436,地域歧视
5437,地域歧视
5438,地域歧视
5439,地域歧视
5440,地域歧视
5441,地域歧视
5442,地域歧视
5443,地域歧视
5444,地域歧视
5445,地域歧视
5446,地域歧视
5447,地域歧视
5448,地域歧视
5449,地域歧视
5450,地域歧视
5451,地域歧视
5452,地域歧视
5453,地域歧视
5454,地域歧视
5455,地域歧视
5456,地域歧视
5457,地域歧视
5458,地域歧视
5459,地域歧视
5460,地域歧视
5461,地域歧视
5462,地域歧视
5463,地域歧视
5464,地域歧视
5465,地域歧视
5466,地域歧视
5467,地域歧视
5468,地域歧视
5469,地域歧视
5470,地域歧视
5471,地域歧视
5472,地域歧视
5473,地域歧视
5474,地域歧视
5475,地域歧视
5476,地域歧视
5477,地域歧视
5478,地域歧视
5479,地域歧视
5480,地域歧视
5481,地域歧视
5482,地域歧视
5483,地域歧视
5484,地域歧视
5485,地域歧视
5486,地域歧视
5487,地域歧视
5488,地域歧视
5489,地域歧视
5490,地域歧视
5491,地域歧视
5492,地域歧视
5493,地域歧视
5494,地域歧视
5495,地域歧视
5496,地域歧视
5497,地域歧视
5498,地域歧视
5499,地域歧视
5500,地域歧视
5501,地域歧视
5502,地域歧视
5503,地域歧视
5504,地域歧视
5505,地域歧视
5506,地域歧视
5507,地域歧视
5508,地域歧视
5509,地域歧视
5510,地域歧视
5511,地域歧视
5512,地域歧视
5513,地域歧视
5514,地域歧视
5515,地域歧视
5516,地域歧视
5517,地域歧视
5518,地域歧视
5519,地域歧视
5520,地域歧视
5521,地域歧视
5522,地域歧视
5523,地域歧视
5524,地域歧视
5525,地域歧视
5526,地域歧视
5527,地域歧视
5528,地域歧视
5529,地域歧视
5530,地域歧视
5531,地域歧视
5532,地域歧视
5533,地域歧视
5534,地域歧视
5535,地域歧视
5536,地域歧视
5537,地域歧视
5538,地域歧视
5539,地域歧视
5540,地域歧视
5541,地域歧视
5542,地域歧视
5543,地域歧视
5544,地域歧视
5545,地域歧视
5546,地域歧视
5547,地域歧视
5548,地域歧视
5549,地域歧视
5550,地域歧视
5551,地域歧视
5552,地域歧视
5553,地域歧视
5554,地域歧视
5555,地域歧视
5556,地域歧视
5557,地域歧视
5558,地域歧视
5559,地域歧视
5560,地域歧视
5561,地域歧视
5562,地域歧视
5563,地域歧视
5564,地域歧视
5565,地域歧视
5566,地域歧视
5567,地域歧视
5568,地域歧视
5569,地域歧视
5570,地域歧视
5571,地域歧视
5572,地域歧视
5573,地域歧视
5574,地域歧视
5575,地域歧视
5576,地域歧视
5577,地域歧视
5578,地域歧视
5579,地域歧视
5580,地域歧视
5581,地域歧视
5582,地域歧视
5583,地域歧视
5584,地域歧视
5585,地域歧视
5586,地域歧视
5587,地域歧视
5588,地域歧视
5589,地域歧视
5590,地域歧视
5591,地域歧视
5592,地域歧视
5593,地域歧视
5594,地域歧视
5595,地域歧视
5596,地域歧视
5597,地域歧视
5598,地域歧视
5599,地域歧视
5600,地域歧视
5601,地域歧视
5602,地域歧视
5603,地域歧视
5604,地域歧视
5605,地域歧视
5606,地域歧视
5607,地域歧视
5608,地域歧视
5609,地域歧视
5610,地域歧视
5611,地域歧视
5612,地域歧视
5613,地域歧视
5614,地域歧视
5615,地域歧视
5616,地域歧视
5617,地域歧视
5618,地域歧视
5619,地域歧视
5620,地域歧视
5621,地域歧视
5622,地域歧视
5623,地域歧视
5624,地域歧视
5625,地域歧视
5626,地域歧视
5627,地域歧视
5628,地域歧视
5629,地域歧视
5630,地域歧视
5631,地域歧视
5632,地域歧视
5633,地域歧视
5634,地域歧视
5635,地域歧视
5636,地域歧视
5637,地域歧视
5638,地域歧视
5639,地域歧视
5640,地域歧视
5641,地域歧视
5642,地域歧视
5643,地域歧视
5644,地域歧视
5645,地域歧视
5646,地域歧视
5647,地域歧视
5648,地域歧视
5649,地域歧视
5650,地域歧视
5651,地域歧视
5652,地域歧视
5653,地域歧视
5654,地域歧视
5655,地域歧视
5656,地域歧视
5657,地域歧视
5658,地域歧视
5659,地域歧视
5660,地域歧视
5661,地域歧视
5662,地域歧视
5663,地域歧视
5664,地域歧视
5665,地域歧视
5666,地域歧视
5667,地域歧视
5668,地域歧视
5669,地域歧视
5670,地域歧视
5671,地域歧视
5672,地域歧视
5673,地域歧视
5674,地域歧视
5675,地域歧视
5676,地域歧视
5677,地域歧视
5678,地域歧视
5679,地域歧视
5680,地域歧视
5681,地域歧视
5682,地域歧视
5683,地域歧视
5684,地域歧视
5685,地域歧视
5686,地域歧视
5687,地域歧视
5688,地域歧视
5689,地域歧视
5690,地域歧视
5691,地域歧视
5692,地域歧视
5693,地域歧视
5694,地域歧视
5695,地域歧视
5696,地域歧视
5697,地域歧视
5698,地域歧视
5699,地域歧视
5700,地域歧视
5701,地域歧视
5702,地域歧视
5703,地域歧视
5704,地域歧视
5705,地域歧视
5706,地域歧视
5707,地域歧视
5708,地域歧视
5709,地域歧视
5710,地域歧视
5711,地域歧视
5712,地域歧视
5713,地域歧视
5714,地域歧视
5715,地域歧视
5716,地域歧视
5717,地域歧视
5718,地域歧视
5719,地域歧视
5720,地域歧视
5721,地域歧视
5722,地域歧视
5723,地域歧视
5724,地域歧视
5725,地域歧视
5726,地域歧视
5727,地域歧视
5728,地域歧视
5729,地域歧视
5730,地域歧视
5731,地域歧视
5732,地域歧视
5733,地域歧视
5734,地域歧视
5735,地域歧视
5736,地域歧视
5737,地域歧视
5738,地域歧视
5739,地域歧视
5740,地域歧视
5741,地域歧视
5742,地域歧视
5743,地域歧视
5744,地域歧视
5745,地域歧视
5746,地域歧视
5747,地域歧视
5748,地域歧视
5749,地域歧视
5750,地域歧视
5751,地域歧视
5752,地域歧视
5753,地域歧视
5754,地域歧视
5755,地域歧视
5756,地域歧视
5757,地域歧视
5758,地域歧视
5759,地域歧视
5760,地域歧视
5761,地域歧视
5762,地域歧视
5763,地域歧视
5764,地域歧视
5765,地域歧视
5766,地域歧视
5767,地域歧视
5768,地域歧视
5769,地域歧视
5770,地域歧视
5771,地域歧视
5772,地域歧视
5773,地域歧视
5774,地域歧视
5775,地域歧视
5776,地域歧视
5777,地域歧视
5778,地域歧视
5779,地域歧视
5780,地域歧视
5781,地域歧视
5782,地域歧视
5783,地域歧视
5784,地域歧视
5785,地域歧视
5786,地域歧视
5787,地域歧视
5788,地域歧视
5789,地域歧视
5790,地域歧视
5791,地域歧视
5792,地域歧视
5793,地域歧视
5794,地域歧视
5795,地域歧视
5796,地域歧视
5797,地域歧视
5798,地域歧视
5799,地域歧视
5800,地域歧视
5801,地域歧视
5802,地域歧视
5803,地域歧视
5804,地域歧视
5805,地域歧视
5806,地域歧视
5807,地域歧视
5808,地域歧视
5809,地域歧视
5810,地域歧视
5811,地域歧视
5812,地域歧视
5813,地域歧视
5814,地域歧视
5815,地域歧视
5816,地域歧视
5817,地域歧视
5818,地域歧视
5819,地域歧视
5820,地域歧视
5821,地域歧视
5822,地域歧视
5823,地域歧视
5824,地域歧视
5825,地域歧视
5826,地域歧视
5827,地域歧视
5828,地域歧视
5829,地域歧视
5830,地域歧视
5831,地域歧视
5832,地域歧视
5833,地域歧视
5834,地域歧视
5835,地域歧视
5836,地域歧视
5837,地域歧视
5838,地域歧视
5839,地域歧视
5840,地域歧视
5841,地域歧视
5842,地域歧视
5843,地域歧视
5844,地域歧视
5845,地域歧视
5846,地域歧视
5847,地域歧视
5848,地域歧视
5849,地域歧视
5850,地域歧视
5851,地域歧视
5852,地域歧视
5853,地域歧视
5854,地域歧视
5855,地域歧视
5856,地域歧视
5857,地域歧视
5858,地域歧视
5859,地域歧视
5860,地域歧视
5861,地域歧视
5862,地域歧视
5863,地域歧视
5864,地域歧视
5865,地域歧视
5866,地域歧视
5867,地域歧视
5868,地域歧视
5869,地域歧视
5870,地域歧视
5871,地域歧视
5872,地域歧视
5873,地域歧视
5874,地域歧视
5875,地域歧视
5876,地域歧视
5877,地域歧视
5878,地域歧视
5879,地域歧视
5880,地域歧视
5881,地域歧视
5882,地域歧视
5883,地域歧视
5884,地域歧视
5885,地域歧视
5886,地域歧视
5887,地域歧视
5888,地域歧视
5889,地域歧视
5890,地域歧视
5891,地域歧视
5892,地域歧视
5893,地域歧视
5894,地域歧视
5895,地域歧视
5896,地域歧视
5897,地域歧视
5898,地域歧视
5899,地域歧视
5900,地域歧视
5901,地域歧视
5902,地域歧视
5903,地域歧视
5904,地域歧视
5905,地域歧视
5906,地域歧视
5907,地域歧视
5908,地域歧视
5909,地域歧视
5910,地域歧视
5911,地域歧视
5912,地域歧视
5913,地域歧视
5914,地域歧视
5915,地域歧视
5916,地域歧视
5917,地域歧视
5918,地域歧视
5919,地域歧视
5920,地域歧视
5921,地域歧视
5922,地域歧视
5923,地域歧视
5924,地域歧视
5925,地域歧视
5926,地域歧视
5927,地域歧视
5928,地域歧视
5929,地域歧视
5930,地域歧视
5931,地域歧视
5932,地域歧视
5933,地域歧视
5934,地域歧视
5935,地域歧视
5936,地域歧视
5937,地域歧视
5938,地域歧视
5939,地域歧视
5940,地域歧视
5941,地域歧视
5942,地域歧视
5943,地域歧视
5944,地域歧视
5945,地域歧视
5946,地域歧视
5947,地域歧视
5948,地域歧视
5949,地域歧视
5950,地域歧视
5951,地域歧视
5952,地域歧视
5953,地域歧视
5954,地域歧视
5955,地域歧视
5956,地域歧视
5957,地域歧视
5958,地域歧视
5959,地域歧视
5960,地域歧视
5961,地域歧视
5962,地域歧视
5963,地域歧视
5964,地域歧视
5965,地域歧视
5966,地域歧视
5967,地域歧视
5968,地域歧视
5969,地域歧视
5970,地域歧视
5971,地域歧视
5972,地域歧视
5973,地域歧视
5974,地域歧视
5975,地域歧视
5976,地域歧视
5977,地域歧视
5978,地域歧视
5979,地域歧视
5980,地域歧视
5981,地域歧视
5982,地域歧视
5983,地域歧视
5984,地域歧视
5985,地域歧视
5986,地域歧视
5987,地域歧视
5988,地域歧视
5989,地域歧视
5990,地域歧视
5991,地域歧视
5992,地域歧视
5993,地域歧视
5994,地域歧视
5995,地域歧视
5996,地域歧视
5997,地域歧视
5998,地域歧视
5999,地域歧视
6000,地域歧视
6001,地域歧视
6002,地域歧视
6003,地域歧视
6004,地域歧视
6005,地域歧视
6006,地域歧视
6007,地域歧视
6008,地域歧视
6009,地域歧视
6010,地域歧视
6011,地域歧视
6012,地域歧视
6013,地域歧视
6014,地域歧视
6015,地域歧视
6016,地域歧视
6017,地域歧视
6018,地域歧视
6019,地域歧视
6020,地域歧视
6021,地域歧视
6022,地域歧视
6023,地域歧视
6024,地域歧视
6025,地域歧视
6026,地域歧视
6027,地域歧视
6028,地域歧视
6029,地域歧视
6030,地域歧视
6031,地域歧视
6032,地域歧视
6033,地域歧视
6034,地域歧视
6035,地域歧视
6036,地域歧视
6037,地域歧视
6038,地域歧视
6039,地域歧视
6040,地域歧视
6041,地域歧视
6042,地域歧视
6043,地域歧视
6044,地域歧视
6045,地域歧视
6046,地域歧视
6047,地域歧视
6048,地域歧视
6049,地域歧视
6050,地域歧视
6051,地域歧视
6052,地域歧视
6053,地域歧视
6054,地域歧视
6055,地域歧视
6056,地域歧视
6057,地域歧视
6058,地域歧视
6059,地域歧视
6060,地域歧视
6061,地域歧视
6062,地域歧视
6063,地域歧视
6064,地域歧视
6065,地域歧视
6066,地域歧视
6067,地域歧视
6068,地域歧视
6069,地域歧视
6070,地域歧视
6071,地域歧视
6072,地域歧视
6073,地域歧视
6074,地域歧视
6075,地域歧视
6076,地域歧视
6077,地域歧视
6078,地域歧视
6079,地域歧视
6080,地域歧视
6081,地域歧视
6082,地域歧视
6083,地域歧视
6084,地域歧视
6085,地域歧视
6086,地域歧视
6087,地域歧视
6088,地域歧视
6089,地域歧视
6090,地域歧视
6091,地域歧视
6092,地域歧视
6093,地域歧视
6094,地域歧视
6095,地域歧视
6096,地域歧视
6097,地域歧视
6098,地域歧视
6099,地域歧视
6100,地域歧视
6101,地域歧视
6102,地域歧视
6103,地域歧视
6104,地域歧视
6105,地域歧视
6106,地域歧视
6107,地域歧视
6108,地域歧视
6109,地域歧视
6110,地域歧视
6111,地域歧视
6112,地域歧视
6113,地域歧视
6114,地域歧视
6115,地域歧视
6116,地域歧视
6117,地域歧视
6118,地域歧视
6119,地域歧视
6120,地域歧视
6121,地域歧视
6122,地域歧视
6123,地域歧视
6124,地域歧视
6125,地域歧视
6126,地域歧视
6127,地域歧视
6128,地域歧视
6129,地域歧视
6130,地域歧视
6131,地域歧视
6132,地域歧视
6133,地域歧视
6134,地域歧视
6135,地域歧视
6136,地域歧视
6137,地域歧视
6138,地域歧视
6139,地域歧视
6140,地域歧视
6141,地域歧视
6142,地域歧视
6143,地域歧视
6144,地域歧视
6145,地域歧视
6146,地域歧视
6147,地域歧视
6148,地域歧视
6149,地域歧视
6150,地域歧视
6151,地域歧视
6152,地域歧视
6153,地域歧视
6154,地域歧视
6155,地域歧视
6156,地域歧视
6157,地域歧视
6158,地域歧视
6159,地域歧视
6160,地域歧视
6161,地域歧视
6162,地域歧视
6163,地域歧视
6164,地域歧视
6165,地域歧视
6166,地域歧视
6167,地域歧视
6168,地域歧视
6169,地域歧视
6170,地域歧视
6171,地域歧视
6172,地域歧视
6173,地域歧视
6174,地域歧视
6175,地域歧视
6176,地域歧视
6177,地域歧视
6178,地域歧视
6179,地域歧视
6180,地域歧视
6181,地域歧视
6182,地域歧视
6183,地域歧视
6184,地域歧视
6185,地域歧视
6186,地域歧视
6187,地域歧视
6188,地域歧视
6189,地域歧视
6190,地域歧视
6191,地域歧视
6192,地域歧视
6193,地域歧视
6194,地域歧视
6195,地域歧视
6196,地域歧视
6197,地域歧视
6198,地域歧视
6199,地域歧视
6200,地域歧视
6201,地域歧视
6202,地域歧视
6203,地域歧视
6204,地域歧视
6205,地域歧视
6206,地域歧视
6207,地域歧视
6208,地域歧视
6209,地域歧视
6210,地域歧视
6211,地域歧视
6212,地域歧视
6213,地域歧视
6214,地域歧视
6215,地域歧视
6216,地域歧视
6217,地域歧视
6218,地域歧视
6219,地域歧视
6220,地域歧视
6221,地域歧视
6222,地域歧视
6223,地域歧视
6224,地域歧视
6225,地域歧视
6226,地域歧视
6227,地域歧视
6228,地域歧视
6229,地域歧视
6230,地域歧视
6231,地域歧视
6232,地域歧视
6233,地域歧视
6234,地域歧视
6235,地域歧视
6236,地域歧视
6237,地域歧视
6238,地域歧视
6239,地域歧视
6240,地域歧视
6241,地域歧视
6242,地域歧视
6243,地域歧视
6244,地域歧视
6245,地域歧视
6246,地域歧视
6247,地域歧视
6248,地域歧视
6249,地域歧视
6250,地域歧视
6251,地域歧视
6252,地域歧视
6253,地域歧视
6254,地域歧视
6255,地域歧视
6256,地域歧视
6257,地域歧视
6258,地域歧视
6259,地域歧视
6260,地域歧视
6261,地域歧视
6262,地域歧视
6263,地域歧视
6264,地域歧视
6265,地域歧视
6266,地域歧视
6267,地域歧视
6268,地域歧视
6269,地域歧视
6270,地域歧视
6271,地域歧视
6272,地域歧视
6273,地域歧视
6274,地域歧视
6275,地域歧视
